Date,Open,Close,Silver Fix
2/1/2008,840.75,846.75,14.93
3/1/2008,865.35,858.85,15.38
4/1/2008,858.75,855,15.275
7/1/2008,857.5,859.25,15.24
8/1/2008,873.25,873.5,15.485
9/1/2008,887.85,877,16
10/1/2008,874.25,884.25,15.62
11/1/2008,893.75,891,16.06
14/01/2008,911.5,902,16.5
15/01/2008,904.75,913,16.24
16/01/2008,881,889.75,15.85
17/01/2008,881.5,888.25,15.88
18/01/2008,872.75,882,15.825
21/01/2008,874.25,871.25,15.77
22/01/2008,862,875,15.57
23/01/2008,887.8,888.25,15.95
24/01/2008,891.5,909.25,16.35
25/01/2008,921.25,918.25,16.53
28/01/2008,916.5,921.75,16.44
30/01/2008,923.75,919,16.76
31/01/2008,923.75,923.25,16.74
1/2/2008,933,914.75,17.19
4/2/2008,899.5,893.75,16.7
5/2/2008,889.75,887.5,16.51
6/2/2008,892,903,16.48
7/2/2008,908.25,899.75,16.7
8/2/2008,914,916.25,16.95
11/2/2008,925.5,918,17.37
12/2/2008,920.25,917,17.46
13/02/2008,905.75,899,16.98
14/02/2008,910.85,906,17.26
15/02/2008,909.75,912.5,17.38
18/02/2008,905,903.25,17.01
19/02/2008,916.5,924,17.25
20/02/2008,924.85,920,17.42
21/02/2008,943,945,17.98
22/02/2008,945.75,943,17.94
25/02/2008,947.5,937.75,18.06
26/02/2008,934,937,18.12
27/02/2008,958.75,959.5,19.33
28/02/2008,957,959.75,19.24
29/02/2008,969,971.5,19.62
3/3/2008,978.25,988.5,20.16
4/3/2008,981.75,984.75,20.32
5/3/2008,966.25,974.5,19.48
6/3/2008,986.25,976,20.8
7/3/2008,978.5,972.5,20.22
10/3/2008,973.15,969.25,19.57
11/3/2008,980.5,970,20.25
12/3/2008,975.75,975.5,19.7
13/03/2008,988.25,995,20.79
14/03/2008,997,1003.5,20.41
17/03/2008,1023.5,1011.25,20.92
18/03/2008,1005.75,1006.75,20.38
19/03/2008,995.25,958.5,19.88
20/03/2008,913.5,925.75,17.53
25/03/2008,930.65,926.75,17.57
26/03/2008,945.75,946.75,18.07
27/03/2008,948.25,946.75,18.2
28/03/2008,944.5,934.25,18.36
31/03/2008,937.25,933.5,17.99
1/4/2008,897,887.75,16.74
2/4/2008,893.5,890,16.89
3/4/2008,898.25,896.5,17.15
4/4/2008,905.25,905.5,17.45
7/4/2008,914.7,926.5,17.96
8/4/2008,921,915,18
9/4/2008,906.75,917,17.49
10/4/2008,934.25,928,18.32
11/4/2008,925.5,927.75,17.95
14/04/2008,917.75,926.5,17.45
15/04/2008,931.75,929.75,17.86
16/04/2008,932.75,945,18.07
17/04/2008,951.5,946,18.56
21/04/2008,915.75,918.5,17.86
22/04/2008,920.75,918,17.56
23/04/2008,916.25,898.5,17.55
24/04/2008,900.75,895.5,17.09
25/04/2008,883.5,891.5,16.68
28/04/2008,892.25,890.5,16.94
29/04/2008,886,880,16.78
30/04/2008,867.75,871,16.47
1/5/2008,863.5,853,16.64
2/5/2008,854.25,853.5,16.19
6/5/2008,878,880,16.7
7/5/2008,874,868.25,16.69
8/5/2008,872.25,877,16.58
9/5/2008,887.25,876,16.97
12/5/2008,882.5,883.5,16.74
13/05/2008,877,865,17.08
14/05/2008,863,866.5,16.69
15/05/2008,866.25,881.25,16.6
16/05/2008,885,897,16.83
19/05/2008,908.75,906.5,17.18
20/05/2008,907,914.5,17.03
21/05/2008,925,923,17.77
23/05/2008,922.25,927.5,18.1
27/05/2008,923.75,906.75,18.14
28/05/2008,892,902.5,17.26
29/05/2008,893,883,17.17
30/05/2008,879.5,885.75,16.85
2/6/2008,891.25,888.25,16.86
3/6/2008,895.5,879.25,16.82
4/6/2008,877.25,883.5,16.67
5/6/2008,873,878.75,16.65
6/6/2008,883.5,890.5,17.19
9/6/2008,904.25,896.25,17.46
10/6/2008,884.5,878,16.94
11/6/2008,874.25,876.25,16.58
12/6/2008,871.25,862.25,16.59
13/06/2008,864,866,16.31
16/06/2008,872,888.25,16.73
17/06/2008,883,881.5,17.22
18/06/2008,884,887.5,17
19/06/2008,893.25,903,17.22
20/06/2008,900,907.5,17.44
23/06/2008,905.25,881,17.19
24/06/2008,888.5,889.5,16.85
25/06/2008,887.25,882.75,16.7
26/06/2008,892.5,909.5,16.88
27/06/2008,923,919.5,17.4
30/06/2008,932.75,930.25,17.65
1/7/2008,929.5,937.5,17.56
2/7/2008,936,935.25,17.92
3/7/2008,939.75,934,18.31
4/7/2008,930.75,931.25,18.01
7/7/2008,921,916.75,17.85
8/7/2008,929.25,921,17.62
9/7/2008,923.25,927.25,17.82
10/7/2008,930.75,939.5,18.17
11/7/2008,949,962.75,18.38
14/07/2008,957.75,968,18.69
15/07/2008,981.75,986,19.3
16/07/2008,974,977.5,18.83
17/07/2008,964.5,965.5,18.67
18/07/2008,961.5,959.75,18.55
21/07/2008,966.25,960.5,18.35
22/07/2008,973,961.5,18.6
23/07/2008,934.75,926.5,17.59
24/07/2008,927.75,928,17.52
25/07/2008,932.25,920.5,17.55
28/07/2008,929.25,923.5,17.47
29/07/2008,928.75,916.75,17.42
30/07/2008,914.1,897.5,17.12
31/07/2008,912,918,17.48
1/8/2008,909.5,912.5,17.59
4/8/2008,910,905.75,17.37
5/8/2008,884,882,16.67
6/8/2008,884.75,879.5,16.74
7/8/2008,882.5,871.5,16.59
8/8/2008,864.5,852.5,15.76
11/8/2008,863.75,852.5,15.335
12/8/2008,808.75,817.75,14.45
13/08/2008,824,818.5,14.68
14/08/2008,833.25,818,14.86
15/08/2008,784.75,786.5,12.82
18/08/2008,797.5,796.25,13.01
19/08/2008,791,788.75,13.01
20/08/2008,806.75,815.75,13.27
21/08/2008,821,833.5,13.59
22/08/2008,830,824,13.62
26/08/2008,809.75,827,13.05
27/08/2008,833.5,827,13.76
28/08/2008,833.5,838.25,13.78
29/08/2008,836.5,833,13.76
1/9/2008,832,822.25,13.58
2/9/2008,802.5,798.5,13.18
3/9/2008,794.5,803.5,12.79
4/9/2008,810.5,805.75,13.02
5/9/2008,796.25,808.5,12.72
8/9/2008,806.5,808,12.38
9/9/2008,799.75,781.75,12.04
10/9/2008,774.25,775.75,11.27
11/9/2008,742.75,740.75,10.66
12/9/2008,757.5,750.25,10.8
15/09/2008,779.25,775,10.84
16/09/2008,779.75,779.5,10.88
17/09/2008,785.5,813,10.77
18/09/2008,864.25,863,12.93
19/09/2008,837.5,869,12.15
22/09/2008,873,889,12.985
23/09/2008,892.5,899,13.38
24/09/2008,888.5,896,13.29
25/09/2008,889,888.5,13.34
26/09/2008,869,902,13.18
29/09/2008,876.5,905,13.06
30/09/2008,897,884.5,12.96
1/10/2008,876,880,12.28
2/10/2008,866.25,852,12.25
3/10/2008,842.5,828,11.2
6/10/2008,836.5,875.5,11.29
7/10/2008,881.75,876.75,11.64
8/10/2008,913,903.5,11.65
9/10/2008,886.75,883.5,11.64
10/10/2008,918,900.5,11.74
13/10/2008,865,831.5,10.61
14/10/2008,849.5,832.5,10.89
15/10/2008,848.5,847,10.29
16/10/2008,834.5,802.5,9.99
17/10/2008,801,784.5,9.56
20/10/2008,803,795,9.79
21/10/2008,781,772,9.86
22/10/2008,757.5,744,9.84
23/10/2008,726,720,9.34
24/10/2008,692.5,712.5,8.88
27/10/2008,720.5,730.5,9.01
28/10/2008,745,730.5,9.09
29/10/2008,749.25,764,9.38
30/10/2008,772.75,755.25,10.02
31/10/2008,728.5,730.75,9.28
3/11/2008,734,729.5,10.05
4/11/2008,734,741.25,9.95
5/11/2008,753.25,753.75,10.28
6/11/2008,739,754.5,10.41
7/11/2008,742,735.25,10.13
10/11/2008,751.75,753,10.31
11/11/2008,741.75,733.75,9.94
12/11/2008,731.5,724.75,9.65
13/11/2008,714,713.5,9.365
14/11/2008,729.5,747.5,9.33
17/11/2008,745,734,9.5
18/11/2008,736.5,774.5,9.17
19/11/2008,737.75,738,9.39
20/11/2008,745.25,762,9.4
21/11/2008,758.5,738,9.38
24/11/2008,816.75,822.5,10.04
25/11/2008,802.5,820.5,10.33
26/11/2008,817,812.5,10.3
27/11/2008,813.5,814,10.26
28/11/2008,813.5,814.5,10.12
1/12/2008,795.5,778,9.91
2/12/2008,772.5,780,9.41
3/12/2008,773.5,766.25,9.43
4/12/2008,772.75,773.25,9.58
5/12/2008,771.75,749,9.46
8/12/2008,772.25,767.25,9.73
9/12/2008,771,767.75,9.83
10/12/2008,785.75,802.25,9.96
11/12/2008,821,827.75,10.39
12/12/2008,813.75,826.5,10.07
15/12/2008,827.5,826,10.33
16/12/2008,833.5,838.25,10.5
17/12/2008,853.75,870,10.98
18/12/2008,872.5,855.25,11.29
19/12/2008,839,835.75,10.61
22/12/2008,846,849,10.97
23/12/2008,844,843.5,10.7
29/12/2008,881,880.25,10.93
30/12/2008,870,869.75,10.83
2/1/2009,869.75,874.5,11.08
5/1/2009,860,853.5,11.07
6/1/2009,844,848.25,10.85
7/1/2009,864,848.5,11.41
8/1/2009,842.5,855.75,10.88
9/1/2009,854,847.25,11.22
12/1/2009,848.5,827,11.09
13/01/2009,815.5,826.5,10.62
14/01/2009,827.25,821.5,10.77
15/01/2009,813,810,10.51
16/01/2009,824.25,833.75,10.78
19/01/2009,842.5,833,11.16
20/01/2009,835,853.25,11.32
21/01/2009,860.5,849.25,11.34
22/01/2009,847.75,860,11.32
23/01/2009,873,875.75,11.46
26/01/2009,906.5,910.25,12.1
27/01/2009,896,897.5,11.91
28/01/2009,891.25,895.25,11.98
29/01/2009,878.5,892.25,11.74
30/01/2009,918.5,919.5,12.51
2/2/2009,913.75,918.25,12.43
3/2/2009,902,904.5,12.37
4/2/2009,902.25,905,12.4
5/2/2009,914.75,920,12.8
6/2/2009,914,913,12.89
9/2/2009,901,895,13.01
10/2/2009,896,909.75,12.96
11/2/2009,922,938,13.39
12/2/2009,944,943.25,13.34
13/02/2009,939.25,935.5,13.37
16/02/2009,943,942.5,13.55
17/02/2009,962.25,968,13.9
18/02/2009,964.75,964,14.05
19/02/2009,973.5,980.5,14.26
20/02/2009,981,989,14.28
23/02/2009,987,985.75,14.36
24/02/2009,989.75,984.25,14.39
25/02/2009,956.25,978.5,13.81
26/02/2009,945,936.5,13.48
27/02/2009,943.75,952,13.21
2/3/2009,949.5,937.25,13.14
3/3/2009,924.75,913.75,12.68
4/3/2009,911,908.5,12.87
5/3/2009,913.25,913,13.15
6/3/2009,937.75,936,13.46
9/3/2009,934.75,923.75,13.36
10/3/2009,911.5,901.5,12.71
11/3/2009,900,899.5,12.62
12/3/2009,914.5,925.25,12.84
13/03/2009,920,928,13.11
16/03/2009,923,919.5,13.06
17/03/2009,920,915.5,12.86
18/03/2009,910.75,893.25,12.61
19/03/2009,937.25,956.5,13.13
20/03/2009,957,954,13.65
23/03/2009,952.75,949.25,13.76
24/03/2009,928.75,923.75,13.51
25/03/2009,921.25,929,13.16
26/03/2009,935.5,938.25,13.6
27/03/2009,927,924,13.22
30/03/2009,923,928,12.96
31/03/2009,918.5,916.5,13.11
1/4/2009,919.5,924.5,12.98
2/4/2009,914.75,897.75,12.88
3/4/2009,901.5,905,12.86
6/4/2009,879.5,870.25,12.41
7/4/2009,879.25,879.75,12.17
8/4/2009,887.25,880,12.28
9/4/2009,883.75,880.5,12.3
14/04/2009,895,887.5,12.65
15/04/2009,892.25,891,12.935
16/04/2009,889,880.5,12.65
17/04/2009,872,870.5,11.98
20/04/2009,870,877,12.06
21/04/2009,888.75,888.75,12.14
22/04/2009,885,886,12.12
23/04/2009,894.5,897.5,12.43
24/04/2009,909,907.5,12.78
27/04/2009,911.75,907.5,12.98
28/04/2009,897,891,12.56
29/04/2009,894.5,898.25,12.5
30/04/2009,889,883.25,12.63
1/5/2009,881.5,884.5,12.15
5/5/2009,903,910,13.11
6/5/2009,903.5,910,13.44
7/5/2009,912.75,912.25,14.01
8/5/2009,917.5,907,13.9
11/5/2009,912.5,913,13.9
12/5/2009,920,917,14.09
13/05/2009,925.75,924,14.14
14/05/2009,923.25,925.25,13.84
15/05/2009,925,929.5,13.92
18/05/2009,929.75,921,13.79
19/05/2009,921.5,924.75,13.88
20/05/2009,928.5,939.5,14.29
21/05/2009,940,937.5,14.23
22/05/2009,952.5,959.75,14.66
26/05/2009,942,945,14.3
27/05/2009,949.5,951,14.5
28/05/2009,949.75,957.75,14.88
29/05/2009,972,975.5,15.52
1/6/2009,987,981.75,15.86
2/6/2009,973.5,980,15.62
3/6/2009,979,976.75,15.97
4/6/2009,967.25,970.75,15.3
5/6/2009,977.75,962,15.65
8/6/2009,946.5,943.75,14.84
9/6/2009,952.5,956,14.93
10/6/2009,961.25,953.75,15.39
11/6/2009,953,947.5,15.09
12/6/2009,950,937.25,15.07
15/06/2009,932,932.25,14.31
16/06/2009,936.75,934,14.3
17/06/2009,933.75,930.5,14.02
18/06/2009,936.75,940.5,14.19
19/06/2009,933.75,933.25,14.23
22/06/2009,924,919.25,13.83
23/06/2009,920.25,920.75,13.77
24/06/2009,928.75,933.5,13.88
25/06/2009,934.25,937.25,13.87
26/06/2009,943,942,14.26
29/06/2009,939.75,935.5,14.07
30/06/2009,941,934.5,13.94
1/7/2009,931.5,938.25,13.65
2/7/2009,936,929.5,13.41
3/7/2009,932.5,932.5,13.44
6/7/2009,921.5,924.5,13.03
7/7/2009,925.75,924,13.32
8/7/2009,920.75,918,13.05
9/7/2009,914.75,911.75,12.89
10/7/2009,910,913,12.63
13/07/2009,908.5,908.5,12.47
14/07/2009,921.75,924.75,12.88
15/07/2009,930,938,13.27
16/07/2009,935.25,935,13.21
17/07/2009,934.5,937.5,13.16
20/07/2009,952.25,952.75,13.74
21/07/2009,947.75,947.75,13.52
22/07/2009,945.5,948.25,13.4
23/07/2009,955.25,950,13.76
24/07/2009,949.75,951.5,13.78
27/07/2009,956,955,14.06
28/07/2009,955,944.25,14.02
29/07/2009,935.5,931,13.6
30/07/2009,932,932.5,13.4
31/07/2009,936.5,939,13.63
3/8/2009,954.25,959.75,14.29
4/8/2009,953.5,960.5,14.08
5/8/2009,964.5,960.5,14.67
6/8/2009,960.75,964,14.67
7/8/2009,960.5,956,14.65
10/8/2009,953.5,945,14.47
11/8/2009,946,942.75,14.355
12/8/2009,943.5,947.25,14.28
13/08/2009,956,953.5,15.07
14/08/2009,957.5,953.6,14.98
17/08/2009,937.5,932.75,14.13
18/08/2009,938.25,935,14.09
19/08/2009,934.25,943,13.585
20/08/2009,943.5,940.5,14.04
21/08/2009,941.5,952.5,14.01
24/08/2009,953.75,951.5,14.41
25/08/2009,947.5,950.5,14.11
26/08/2009,949.5,940.5,14.32
27/08/2009,943.5,943,14.2
28/08/2009,950.75,955.5,14.54
1/9/2009,949.75,955,14.74
2/9/2009,955,964.75,14.91
3/9/2009,982.5,983,15.73
4/9/2009,987.25,989,15.95
7/9/2009,992.75,993,16.21
8/9/2009,1004.5,1000.75,16.75
9/9/2009,995.75,999.5,16.24
10/9/2009,988.5,990.75,16.09
11/9/2009,998.25,1008.25,16.89
14/09/2009,994.25,999.25,16.35
15/09/2009,997.5,996,16.52
16/09/2009,1017,1015.75,17.29
17/09/2009,1020.5,1018.5,17.38
18/09/2009,1014,1012,17.11
21/09/2009,999.25,997,16.68
22/09/2009,1015.75,1014,17.24
23/09/2009,1014.75,1010.25,17.1
24/09/2009,1014,1009.75,16.76
25/09/2009,997,991.5,16.2
28/09/2009,990.5,991.75,15.91
29/09/2009,991.75,989.5,16.07
30/09/2009,1001.25,995.75,16.45
1/10/2009,1005.75,1004.75,16.55
2/10/2009,998,1003.5,16.21
5/10/2009,1004.25,1005.5,16.23
6/10/2009,1020.25,1038.75,16.95
7/10/2009,1047,1040.25,17.4
8/10/2009,1054.75,1045,17.8
9/10/2009,1046.75,1051.5,17.63
12/10/2009,1052,1058.75,17.89
13/10/2009,1064.5,1057.5,17.99
14/10/2009,1066,1059.5,17.93
15/10/2009,1052.5,1053.5,17.54
16/10/2009,1047.75,1047.5,17.31
19/10/2009,1054.5,1050.5,17.52
20/10/2009,1064,1061.75,17.755
21/10/2009,1053.5,1053.75,17.39
22/10/2009,1054.75,1053,17.55
23/10/2009,1061.25,1061.75,17.65
26/10/2009,1055,1054,17.61
27/10/2009,1040.75,1036.5,17.06
28/10/2009,1035.5,1031.75,16.33
29/10/2009,1034,1040.5,16.33
30/10/2009,1044.5,1040,16.57
2/11/2009,1052,1062,16.58
3/11/2009,1058,1061,16.35
4/11/2009,1091.75,1090,17.48
5/11/2009,1088,1089,17.38
6/11/2009,1095,1096.75,17.525
9/11/2009,1108.5,1106.75,17.68
10/11/2009,1099.75,1101.5,17.26
11/11/2009,1114.75,1115.25,17.63
12/11/2009,1116,1114.75,17.51
13/11/2009,1107.5,1104,17.3225
16/11/2009,1128.75,1130,17.74
17/11/2009,1131.75,1134.75,18.1
18/11/2009,1146,1149,18.74
19/11/2009,1136,1135.5,18.2
20/11/2009,1142.5,1140,18.18
23/11/2009,1166,1169.5,18.76
24/11/2009,1170.25,1163.25,18.57
25/11/2009,1176.5,1179.75,18.63
26/11/2009,1183,1182.75,18.49
27/11/2009,1164.5,1166.5,17.98
30/11/2009,1172,1175.75,18.14
1/12/2009,1193.5,1192.5,18.72
2/12/2009,1211.5,1212.5,19.18
3/12/2009,1218.25,1208.75,19.11
4/12/2009,1203.25,1190.25,18.83
7/12/2009,1147.5,1142.5,18.04
8/12/2009,1164.25,1146.75,18.11
9/12/2009,1142.25,1141,17.77
10/12/2009,1125.75,1128.5,17.39
11/12/2009,1140,1124,17.51
14/12/2009,1120,1123.75,17.19
15/12/2009,1115,1122,17.18
16/12/2009,1134,1137.5,17.6
17/12/2009,1121.5,1117,17.4
18/12/2009,1106.5,1104.5,17.31
21/12/2009,1113.25,1105.5,17.27
22/12/2009,1094.25,1084,16.95
23/12/2009,1080.5,1085.25,16.92
29/12/2009,1103,1106,17.42
30/12/2009,1092.5,1087.5,16.92
4/1/2010,1113,1121.5,17.17
5/1/2010,1125.25,1123.25,17.57
6/1/2010,1125,1130,17.89
7/1/2010,1130.75,1130.25,18.09
8/1/2010,1121.75,1126.75,18.12
11/1/2010,1158,1153,18.84
12/1/2010,1152.75,1151.25,18.41
13/01/2010,1132.75,1127.25,18.35
14/01/2010,1137.5,1138.25,18.58
15/01/2010,1132,1128,18.52
18/01/2010,1135.75,1134.5,18.66
19/01/2010,1134,1133,18.5
20/01/2010,1129,1120.25,18.48
21/01/2010,1104,1108.25,17.68
22/01/2010,1096.5,1084,17.28
25/01/2010,1103.5,1095.25,17.16
26/01/2010,1090.75,1093.25,16.79
27/01/2010,1094.75,1094.75,16.74
28/01/2010,1091.75,1088,16.62
29/01/2010,1082.75,1078.5,16.29
1/2/2010,1082,1086.5,16.23
2/2/2010,1114,1111,16.78
3/2/2010,1118.5,1115.25,16.79
4/2/2010,1102.5,1083.25,16.13
5/2/2010,1052.25,1058,15.17
8/2/2010,1070,1064,15.14
9/2/2010,1068,1071.25,15.2
10/2/2010,1075.5,1069.5,15.6
11/2/2010,1079.5,1076.25,15.37
12/2/2010,1078.25,1082,15.33
15/02/2010,1099.5,1098.25,15.57
16/02/2010,1115.25,1115.25,15.82
17/02/2010,1118.25,1119,16.21
18/02/2010,1105.5,1118,15.83
19/02/2010,1107,1112.75,15.95
22/02/2010,1119.75,1115.25,16.44
23/02/2010,1112,1107,16.1
24/02/2010,1093,1103,15.76
25/02/2010,1092.75,1094.5,15.92
26/02/2010,1112.5,1108.25,16.12
1/3/2010,1117.25,1114,16.5
2/3/2010,1116,1126.5,16.57
3/3/2010,1136.25,1136.5,17.17
4/3/2010,1136.25,1134.5,17.34
5/3/2010,1135,1135,17.25
8/3/2010,1134,1125.75,17.33
9/3/2010,1120,1115.75,17.05
10/3/2010,1124.5,1120.5,17.47
11/3/2010,1106,1104,16.91
12/3/2010,1118.75,1106.25,17.31
15/03/2010,1104,1104.25,17.02
16/03/2010,1113.25,1124.75,17.24
17/03/2010,1131.25,1121.75,17.54
18/03/2010,1122.75,1122.75,17.49
19/03/2010,1121.5,1105.5,17.31
22/03/2010,1104.25,1097.25,16.78
23/03/2010,1100.75,1101.5,16.78
24/03/2010,1094,1090.75,16.68
25/03/2010,1093.5,1093,16.79
26/03/2010,1098,1096.5,16.85
29/03/2010,1111.25,1107.5,17.15
30/03/2010,1109.75,1107,17.41
31/03/2010,1109.5,1115.5,17.5
1/4/2010,1116,1123.5,17.69
6/4/2010,1124,1132.75,17.92
7/4/2010,1133.25,1142,17.97
8/4/2010,1146.5,1148,17.98
9/4/2010,1156,1152.5,18.34
12/4/2010,1163.5,1158.75,18.49
13/04/2010,1149.25,1148.25,18.16
14/04/2010,1159,1153.75,18.39
15/04/2010,1151.25,1154.5,18.27
16/04/2010,1157,1151.5,18.35
19/04/2010,1127.5,1136.25,17.5
20/04/2010,1142.5,1144.75,18
21/04/2010,1143.75,1143,17.82
22/04/2010,1144.25,1133.75,17.98
23/04/2010,1140,1139.5,17.89
26/04/2010,1154,1154.5,18.35
27/04/2010,1152.25,1149.5,18.16
28/04/2010,1164.25,1161,17.96
29/04/2010,1170,1166.75,18.15
30/04/2010,1175.25,1179.25,18.62
4/5/2010,1184.25,1185,18.71
5/5/2010,1172,1165,17.63
6/5/2010,1178,1185.25,17.69
7/5/2010,1199.6,1202.25,17.7
10/5/2010,1188.25,1196.5,18.46
11/5/2010,1209,1222.5,18.42
12/5/2010,1241.25,1237.5,19.59
13/05/2010,1235,1237.5,19.43
14/05/2010,1238.75,1236.5,19.64
17/05/2010,1230.25,1236,19.11
18/05/2010,1215,1216.75,18.82
19/05/2010,1209.5,1195,18.53
20/05/2010,1187.25,1192,17.93
21/05/2010,1183.5,1179.75,17.72
24/05/2010,1183.75,1187,17.78
25/05/2010,1189.5,1198.25,17.63
26/05/2010,1212.5,1212,18.27
27/05/2010,1210.75,1211,18.36
28/05/2010,1214,1207.5,18.53
1/6/2010,1219.75,1227.75,18.3
2/6/2010,1221,1215,18.43
3/6/2010,1219.75,1215,18.27
4/6/2010,1203.5,1203.5,17.76
7/6/2010,1212.4,1215,17.36
8/6/2010,1248,1246,18.34
9/6/2010,1235,1233.5,18.27
10/6/2010,1220,1217.5,17.98
11/6/2010,1220.5,1220,18.31
14/06/2010,1229.5,1223.75,18.43
15/06/2010,1223,1225,18.42
16/06/2010,1235.5,1234.5,18.51
17/06/2010,1234.5,1245,18.5
18/06/2010,1244,1256,18.77
21/06/2010,1259.5,1254.5,19.37
22/06/2010,1235.25,1236,18.625
23/06/2010,1243,1226.5,18.91
24/06/2010,1233.25,1236.25,18.38
25/06/2010,1242.5,1254,18.65
28/06/2010,1256,1261,19.11
29/06/2010,1236,1234.5,18.57
30/06/2010,1240.5,1244,18.74
1/7/2010,1240,1234,18.65
2/7/2010,1210.5,1201.5,17.98
5/7/2010,1208.5,1208,17.85
6/7/2010,1210.75,1195,17.85
7/7/2010,1186,1193.25,17.65
8/7/2010,1201.25,1193.5,18
9/7/2010,1196.25,1208.75,17.87
12/7/2010,1203.75,1205.5,18.06
13/07/2010,1206.5,1216,18
14/07/2010,1212.25,1207,18.29
15/07/2010,1211.75,1208,18.42
16/07/2010,1204.75,1189.25,18.25
19/07/2010,1190.25,1181,17.78
20/07/2010,1181.5,1183,17.55
21/07/2010,1191.25,1191.5,17.88
22/07/2010,1187,1199.5,17.82
23/07/2010,1198.75,1190.5,18.17
26/07/2010,1189,1183.5,18.01
27/07/2010,1184,1168,18.16
28/07/2010,1164,1157,17.63
29/07/2010,1166,1162.5,17.6
30/07/2010,1168,1169,17.66
2/8/2010,1178,1188.5,18.11
3/8/2010,1184,1187.5,18.42
4/8/2010,1194.5,1199.5,18.5
5/8/2010,1195.5,1192.5,18.35
6/8/2010,1194.5,1207.75,18.3
9/8/2010,1206,1203,18.48
10/8/2010,1196.75,1192.5,18.09
11/8/2010,1198,1205.5,18.12
12/8/2010,1200,1213,17.92
13/08/2010,1215,1214.25,18.06
16/08/2010,1222,1223.5,18.2
17/08/2010,1226.25,1226,18.54
18/08/2010,1223,1218,18.36
19/08/2010,1228,1233.5,18.45
20/08/2010,1230.5,1223.5,18.14
23/08/2010,1227,1226,17.94
24/08/2010,1218,1222,17.88
25/08/2010,1237.5,1237.5,18.63
26/08/2010,1240.25,1237,19.11
27/08/2010,1234.5,1235,19.03
31/08/2010,1233.5,1246,18.87
1/9/2010,1250,1246.5,19.47
2/9/2010,1247.75,1248.5,19.45
3/9/2010,1252,1240.5,19.66
6/9/2010,1249.5,1249,19.86
7/9/2010,1247.25,1256.75,19.65
8/9/2010,1258,1255,20.02
9/9/2010,1253.5,1255,19.97
10/9/2010,1248.75,1246.5,19.9
13/09/2010,1243,1243.75,19.93
14/09/2010,1253.25,1265.5,20.31
15/09/2010,1270,1267,20.44
16/09/2010,1271.25,1272.5,20.76
17/09/2010,1281.5,1274,20.85
20/09/2010,1280.25,1279.25,20.91
21/09/2010,1278.75,1275,20.76
22/09/2010,1291.75,1293.5,21.08
23/09/2010,1291.5,1290.75,21.08
24/09/2010,1298,1297,21.35
27/09/2010,1298.25,1297,21.54
28/09/2010,1289,1294,21.165
29/09/2010,1307.5,1307.5,21.87
30/09/2010,1311,1307,22.07
1/10/2010,1313,1316.25,21.95
4/10/2010,1316,1313.5,22.03
5/10/2010,1325.75,1330.5,22.24
6/10/2010,1347,1346.5,22.92
7/10/2010,1359.5,1345,23.38
8/10/2010,1330.5,1341.5,22.37
11/10/2010,1348.5,1351.5,23.31
12/10/2010,1343.5,1348.5,23.03
13/10/2010,1358.5,1365.5,23.53
14/10/2010,1380.75,1373.25,24.49
15/10/2010,1377.25,1367.5,24.42
18/10/2010,1359.75,1367.25,24.02
19/10/2010,1367.75,1339,24.26
20/10/2010,1340.5,1339,23.71
21/10/2010,1345.25,1343.5,23.9
22/10/2010,1319,1322.5,23.05
25/10/2010,1345,1337.5,23.71
26/10/2010,1334,1329.5,23.48
27/10/2010,1332.25,1324.5,23.77
28/10/2010,1326.5,1333.5,23.73
29/10/2010,1336.75,1346.75,23.96
1/11/2010,1361.5,1354.5,24.91
2/11/2010,1358,1351,24.73
3/11/2010,1358.5,1345.5,25
4/11/2010,1361,1381,25.38
5/11/2010,1384.25,1395.5,26.14
8/11/2010,1390,1388.5,26.72
9/11/2010,1416.25,1421,28.55
10/11/2010,1402,1390.5,27.53
11/11/2010,1413,1398.5,27.75
12/11/2010,1387,1388.5,26.79
15/11/2010,1367,1368.5,26.01
16/11/2010,1363.25,1349,25.48
17/11/2010,1336.5,1337.5,25.2
18/11/2010,1356.75,1350.25,26.57
19/11/2010,1357.5,1342.5,27.07
22/11/2010,1357.5,1356.5,27.42
23/11/2010,1361,1377.5,27.31
24/11/2010,1376.25,1372.5,27.41
25/11/2010,1370.5,1373.25,27.44
26/11/2010,1366.5,1355,26.62
29/11/2010,1360,1357,26.74
30/11/2010,1375,1383.5,27.13
1/12/2010,1391.5,1385.5,28.74
2/12/2010,1390,1389,28.5
3/12/2010,1391.75,1403.5,28.74
6/12/2010,1411.5,1415.25,29.6
7/12/2010,1426,1420,30.5
8/12/2010,1395,1385.5,29.02
9/12/2010,1382,1391.25,28.41
10/12/2010,1390,1375.25,28.79
13/12/2010,1388.25,1399,29.33
14/12/2010,1405,1394.5,29.88
15/12/2010,1388.25,1388.75,29.06
16/12/2010,1384,1363,29.15
17/12/2010,1374.75,1368.5,28.78
20/12/2010,1381,1380,29.21
21/12/2010,1386,1383,29.25
22/12/2010,1389,1387,29.35
23/12/2010,1384,1373.5,29.18
29/12/2010,1403.5,1412.5,30.44
30/12/2010,1411.5,1405.5,30.7
4/1/2011,1405.5,1388.5,30.67
5/1/2011,1382.75,1368,29.21
6/1/2011,1376,1368.5,29.08
7/1/2011,1358,1367,28.39
10/1/2011,1368.25,1368.25,28.79
11/1/2011,1381,1374,29.54
12/1/2011,1383.5,1378.75,29.6
13/01/2011,1380.75,1381.5,29.22
14/01/2011,1369.25,1367,28.52
17/01/2011,1357.5,1360.5,28.19
18/01/2011,1368.75,1369.5,28.79
19/01/2011,1373.75,1372,29.32
20/01/2011,1364.5,1345.5,28.41
21/01/2011,1344,1343.5,27.14
24/01/2011,1347.5,1343,27.56
25/01/2011,1326,1324,26.7
26/01/2011,1335.5,1328,27.1
27/01/2011,1337.5,1334.5,27.39
28/01/2011,1316,1319,26.68
31/01/2011,1333.5,1327,27.75
1/2/2011,1337.5,1331.5,28.32
2/2/2011,1337,1337,28.27
3/2/2011,1332.5,1328,28.3
4/2/2011,1347.5,1355,28.91
7/2/2011,1347,1347.5,29.21
8/2/2011,1354,1363.5,29.42
9/2/2011,1362.5,1365,30.22
10/2/2011,1358.75,1353.25,29.8
11/2/2011,1359,1364,30
14/02/2011,1356.75,1365,30.16
15/02/2011,1372.25,1372.75,30.72
16/02/2011,1374.5,1371.25,30.77
17/02/2011,1377,1379,30.61
18/02/2011,1385.5,1383.5,31.94
21/02/2011,1399.5,1403,33.43
22/02/2011,1394.5,1401,32.89
23/02/2011,1401.25,1409.25,33.29
24/02/2011,1414.5,1411.5,33.28
25/02/2011,1405,1402.5,32.54
28/02/2011,1409.75,1411,33.49
1/3/2011,1414.5,1420.75,34.37
2/3/2011,1430.5,1435.5,34.75
3/3/2011,1430.5,1421.5,34.53
4/3/2011,1418,1427,34.43
7/3/2011,1437,1437.5,36.6
8/3/2011,1435,1426.25,36.37
9/3/2011,1431.5,1431,36.17
10/3/2011,1424.25,1413.25,35.19
11/3/2011,1409.75,1411.5,34.1
14/03/2011,1424.5,1422.25,36.18
15/03/2011,1407,1400.5,33.88
16/03/2011,1398.5,1402,34.73
17/03/2011,1403.5,1403.75,34.47
18/03/2011,1415.5,1420,35.15
21/03/2011,1427.75,1432,36.16
22/03/2011,1425.5,1426,35.95
23/03/2011,1433,1439.5,36.58
24/03/2011,1441.25,1447,37.78
25/03/2011,1434,1436,37.68
28/03/2011,1420,1417,36.62
29/03/2011,1414,1417.5,36.62
30/03/2011,1419,1425.5,37.53
31/03/2011,1431,1439,37.87
1/4/2011,1434.5,1418,37.63
4/4/2011,1432.5,1435.5,38.46
5/4/2011,1434.5,1433.5,38.08
6/4/2011,1457,1461.5,39.63
7/4/2011,1456.5,1459.5,39.51
8/4/2011,1470.5,1469.5,40.22
11/4/2011,1469.5,1468,41.37
12/4/2011,1461.25,1450.5,40.44
13/04/2011,1458,1457.5,40.22
14/04/2011,1457.5,1465.75,40.67
15/04/2011,1472.5,1476.75,42.61
18/04/2011,1484.5,1493,42.79
19/04/2011,1495,1490.5,43.22
20/04/2011,1505,1501,44.79
21/04/2011,1507,1504,46.26
26/04/2011,1505,1497.5,45.48
27/04/2011,1508,1511,45.3
28/04/2011,1531,1535.5,48.7
3/5/2011,1546.5,1540.25,43.61
4/5/2011,1536,1541,40.29
5/5/2011,1514.5,1511,37.84
6/5/2011,1487.75,1486.5,34.2
9/5/2011,1505,1502,38
10/5/2011,1517.25,1513.5,38.4
11/5/2011,1524.5,1508,39.18
12/5/2011,1488.25,1489.5,32.5
13/05/2011,1511,1505.75,36.2
16/05/2011,1495,1500.75,34.35
17/05/2011,1495.5,1478.5,34.28
18/05/2011,1491.25,1496.5,34.59
19/05/2011,1488.75,1493,35.75
20/05/2011,1502.75,1490.75,34.8
23/05/2011,1508.5,1510.5,34.7
24/05/2011,1520.75,1527,35.85
25/05/2011,1527,1526.25,37.17
26/05/2011,1521.5,1518.5,36.95
27/05/2011,1525,1533,37.69
31/05/2011,1537,1536.5,38.65
1/6/2011,1532.25,1533.75,37.95
2/6/2011,1540.75,1539.5,37.22
3/6/2011,1531,1540,35.19
6/6/2011,1542.75,1549,36.87
7/6/2011,1548.4,1545,37.41
8/6/2011,1535.5,1537.75,36.22
9/6/2011,1534,1537.75,37.03
10/6/2011,1541,1529.25,37.38
13/06/2011,1524.7,1526.25,35.51
14/06/2011,1519,1516,34.68
15/06/2011,1517.75,1529.75,35.26
16/06/2011,1525,1523.25,35.55
17/06/2011,1526.25,1537.5,35.39
20/06/2011,1537,1544,35.58
21/06/2011,1543,1544.75,36.22
22/06/2011,1546,1552.5,35.91
23/06/2011,1541.5,1523,36.01
24/06/2011,1521,1514.75,34.73
27/06/2011,1501,1498,34.01
28/06/2011,1502.5,1499,33.96
29/06/2011,1506,1504.25,34.39
30/06/2011,1508,1505.5,35.02
1/7/2011,1492.75,1483,33.85
4/7/2011,1495.25,1495,34.1
5/7/2011,1498.75,1510,34.76
6/7/2011,1515.8,1527.25,35.38
7/7/2011,1526.25,1527.5,35.86
8/7/2011,1526,1541.5,36.28
11/7/2011,1543.5,1555.5,36.36
12/7/2011,1544.5,1550.5,34.91
13/07/2011,1571.5,1579,36.75
14/07/2011,1592.5,1590.5,39.4
15/07/2011,1578.5,1587,38.17
18/07/2011,1598.25,1599,40.33
19/07/2011,1602,1601,40.32
20/07/2011,1584.25,1586,38.59
21/07/2011,1600.5,1601,39.78
22/07/2011,1588,1602,39.67
25/07/2011,1618.5,1613.5,40.78
26/07/2011,1610,1612.75,40.34
27/07/2011,1621,1625,40.81
28/07/2011,1617.5,1613.5,40.19
29/07/2011,1613.75,1628.5,39.63
1/8/2011,1613.5,1623,39.31
2/8/2011,1624,1637.75,39.73
3/8/2011,1667.5,1669.25,41.04
4/8/2011,1664.25,1679.5,41.62
5/8/2011,1665,1658.75,39.24
8/8/2011,1709.75,1693,39.86
9/8/2011,1770,1736,38.36
10/8/2011,1753.75,1772,38.31
11/8/2011,1786,1760,39.18
12/8/2011,1755,1736,38.29
15/08/2011,1738,1739,39.18
16/08/2011,1779,1782.5,39.36
17/08/2011,1792,1790,40.02
18/08/2011,1794.5,1824,40.32
19/08/2011,1862,1848,41.98
22/08/2011,1877.75,1877.5,43.49
23/08/2011,1886.5,1876,42.88
24/08/2011,1850,1770,42.08
25/08/2011,1716.5,1729,39
26/08/2011,1787,1788,41.06
30/08/2011,1791,1825,40.9
31/08/2011,1826,1813.5,41.35
1/9/2011,1815.5,1821,41.47
2/9/2011,1854,1875,42.5
5/9/2011,1896.5,1895,42.71
6/9/2011,1891,1895,41.85
7/9/2011,1844,1810,40.98
8/9/2011,1827,1855,42.14
9/9/2011,1879.5,1851,41.4
12/9/2011,1843,1834,40.81
13/09/2011,1806,1820,40.02
14/09/2011,1829,1818.5,41.23
15/09/2011,1806,1782,40.34
16/09/2011,1778,1794,39.97
19/09/2011,1817,1794,40.46
20/09/2011,1792,1799,39.18
21/09/2011,1810.25,1793,40.25
22/09/2011,1765.5,1722,37.85
23/09/2011,1730,1689,32.9
26/09/2011,1615,1598,28.16
27/09/2011,1671,1659,33.5
28/09/2011,1655,1643,31.04
29/09/2011,1620,1613,30.19
30/09/2011,1629,1620,30.45
3/10/2011,1660,1655.5,31.05
4/10/2011,1672,1638,30.6
5/10/2011,1600,1617,28.69
6/10/2011,1649.5,1635,31.8
7/10/2011,1651,1652,31.98
10/10/2011,1664,1661,32.23
11/10/2011,1662,1663,31.37
12/10/2011,1687,1682,32.89
13/10/2011,1673,1656,31.97
14/10/2011,1676,1678,31.82
17/10/2011,1689,1682,32.3
18/10/2011,1658,1631,31
19/10/2011,1651,1652.5,31.97
20/10/2011,1629,1620,30.79
21/10/2011,1623,1642.5,30.8
24/10/2011,1651,1652,31.7
25/10/2011,1656.25,1656,32
26/10/2011,1713,1715,33.3
27/10/2011,1708,1718,33.55
28/10/2011,1735,1741,35.42
31/10/2011,1718,1722,34.24
1/11/2011,1702,1699,32.97
2/11/2011,1731,1743,33.83
3/11/2011,1732.5,1758,34.72
4/11/2011,1756,1749,33.95
7/11/2011,1764,1782,34.48
8/11/2011,1794,1795,34.64
9/11/2011,1780,1784,34.58
10/11/2011,1766,1756,33.71
11/11/2011,1764,1773,33.77
14/11/2011,1780.5,1776,34.38
15/11/2011,1765,1785,34.02
16/11/2011,1773,1756,34.45
17/11/2011,1756,1742.5,33.3
18/11/2011,1730,1719,32.25
21/11/2011,1704,1702,30.9
22/11/2011,1697.5,1699,31.85
23/11/2011,1686,1681,31.51
24/11/2011,1699,1692.5,31.94
25/11/2011,1676,1688.5,31.24
28/11/2011,1714,1714,32
29/11/2011,1717,1717,31.96
30/11/2011,1704,1746,31.35
1/12/2011,1750,1752,33.28
2/12/2011,1751,1747,33.15
5/12/2011,1744,1744,32.48
6/12/2011,1720,1708,31.85
7/12/2011,1731,1735.5,32.45
8/12/2011,1739,1715,32.64
9/12/2011,1712,1709,32
12/12/2011,1680,1659.5,31.22
13/12/2011,1665,1672.5,31.34
14/12/2011,1635,1603,29.92
15/12/2011,1590,1574,28.8
16/12/2011,1589.5,1594,29.78
19/12/2011,1593,1598,28.78
20/12/2011,1605,1613.5,29.28
21/12/2011,1637.5,1608,29.75
22/12/2011,1609,1606.5,29.3
28/12/2011,1584,1571,28.65
29/12/2011,1537.5,1531,26.16
3/1/2012,1590,1598,28.78
4/1/2012,1603,1613,29.18
5/1/2012,1614.5,1599,28.92
6/1/2012,1621,1616.5,29.4
9/1/2012,1618,1615,28.85
10/1/2012,1627,1637,29.69
11/1/2012,1641,1634.5,29.81
12/1/2012,1652.5,1661,30.58
13/01/2012,1642,1635.5,29.64
16/01/2012,1643.5,1641,29.9
17/01/2012,1662,1656,30.41
18/01/2012,1657,1647,30.15
19/01/2012,1664,1655,30.79
20/01/2012,1646,1653,30.36
23/01/2012,1675,1675.5,32.45
24/01/2012,1669,1665.5,31.95
25/01/2012,1659,1650,31.67
26/01/2012,1713,1727,33.35
27/01/2012,1722,1726,33.48
30/01/2012,1720.5,1729,33.18
31/01/2012,1738,1744,33.6
1/2/2012,1744,1740,33.8
2/2/2012,1747.5,1751,33.67
3/2/2012,1759.5,1734,33.93
6/2/2012,1717,1719,33.52
7/2/2012,1720,1724,33.28
8/2/2012,1743,1746,34.37
9/2/2012,1733,1748,33.8
10/2/2012,1715.5,1711.5,33.55
13/02/2012,1727,1720,33.84
14/02/2012,1721,1722,33.51
15/02/2012,1725.5,1733,33.69
16/02/2012,1716,1713,33.18
17/02/2012,1732,1723,33.48
20/02/2012,1729.5,1733,33.56
21/02/2012,1737,1748,33.65
22/02/2012,1754.75,1752,34.08
23/02/2012,1776.5,1777,34.55
24/02/2012,1778.5,1777.5,35.57
27/02/2012,1765,1772,35.09
28/02/2012,1774.75,1781,35.6
29/02/2012,1788,1770,37.23
1/3/2012,1721,1714,34.56
2/3/2012,1714.5,1707,35.21
5/3/2012,1698,1705,34.18
6/3/2012,1685.5,1669,33.22
7/3/2012,1682.5,1677.5,33.17
8/3/2012,1701.5,1690,34.09
9/3/2012,1699.5,1687.5,33.87
12/3/2012,1705.25,1697.5,33.77
13/03/2012,1694.75,1690,33.58
14/03/2012,1662,1644.25,32.84
15/03/2012,1646.75,1648,32.36
16/03/2012,1649,1658,32.27
19/03/2012,1654,1661.5,32.44
20/03/2012,1648.5,1656.75,32.22
21/03/2012,1656,1649.25,31.97
22/03/2012,1636,1635.5,31.79
23/03/2012,1651,1664,31.54
26/03/2012,1658,1680.25,32.23
27/03/2012,1694,1692,33.01
28/03/2012,1677,1676,32.43
29/03/2012,1655.75,1657.5,31.79
30/03/2012,1660.75,1662.5,32.43
2/4/2012,1664,1677.5,32.42
3/4/2012,1674.75,1676.25,32.97
4/4/2012,1631.75,1621,31.98
5/4/2012,1622.5,1631,31.27
10/4/2012,1643.75,1644,31.55
11/4/2012,1654,1658,31.7
12/4/2012,1655.5,1668.5,31.47
13/04/2012,1670.5,1666.5,32.365
16/04/2012,1648.25,1653,31.32
17/04/2012,1652,1635.5,31.64
18/04/2012,1646.5,1644,31.61
19/04/2012,1642,1650,31.47
20/04/2012,1640,1641.5,31.79
23/04/2012,1632,1629,31.16
24/04/2012,1638.75,1649.5,30.86
25/04/2012,1641.25,1637.75,30.88
26/04/2012,1648.25,1653.5,30.7
27/04/2012,1654,1663.5,31.14
30/04/2012,1662.5,1651.25,31.2
1/5/2012,1661.25,1664,30.78
2/5/2012,1652.5,1648,30.52
3/5/2012,1642.5,1637.75,30.36
4/5/2012,1629.5,1643.75,29.9
8/5/2012,1627,1602.5,29.58
9/5/2012,1585.5,1582.5,28.77
10/5/2012,1590,1598.5,29.25
11/5/2012,1580.75,1583,28.58
14/05/2012,1563,1558.5,28.33
15/05/2012,1559,1556.5,28.28
16/05/2012,1537.5,1548.5,27.25
17/05/2012,1547,1554,27.48
18/05/2012,1588,1589.5,28.48
21/05/2012,1590.25,1592.5,28.39
22/05/2012,1575.75,1582.5,28.07
23/05/2012,1555,1549,27.76
24/05/2012,1558.5,1568.5,28.08
25/05/2012,1560.5,1569.5,28.24
28/05/2012,1579,1574.6,28.52
29/05/2012,1573.75,1579.5,28.25
30/05/2012,1548.75,1540,27.68
31/05/2012,1567.5,1558,28.1
1/6/2012,1552.5,1606,27.38
6/6/2012,1633.25,1635,29.36
7/6/2012,1620.75,1606,29.28
8/6/2012,1576,1576.5,28.17
11/6/2012,1593,1584,28.63
12/6/2012,1589.25,1603.5,28.54
13/06/2012,1612.75,1619.5,28.87
14/06/2012,1619,1613.5,28.88
15/06/2012,1622.25,1627.25,28.66
18/06/2012,1623.5,1615.5,28.43
19/06/2012,1628.5,1625.5,28.81
20/06/2012,1618.75,1601,28.31
21/06/2012,1600,1582,27.88
22/06/2012,1570.5,1565.5,26.81
25/06/2012,1569,1570,26.72
26/06/2012,1583.25,1576,27.44
27/06/2012,1567.5,1573.5,26.835
28/06/2012,1567.75,1558.5,26.81
29/06/2012,1569.5,1598.5,27.08
2/7/2012,1596.25,1592,27.36
3/7/2012,1608.5,1617.5,27.92
4/7/2012,1617,1613.5,28.11
5/7/2012,1616.75,1604,28.33
6/7/2012,1591.75,1587,27.32
9/7/2012,1581,1585,27.24
10/7/2012,1594.5,1595.25,27.57
11/7/2012,1576.5,1577,27.11
12/7/2012,1565.5,1556.25,26.67
13/07/2012,1579,1595.5,27.48
16/07/2012,1584,1589.75,27.05
17/07/2012,1595,1585.25,27.42
18/07/2012,1579.5,1575.25,27.03
19/07/2012,1580,1584,27.45
20/07/2012,1583,1576.25,27.07
23/07/2012,1571.5,1572.25,26.95
24/07/2012,1573,1583.25,26.93
25/07/2012,1587.5,1601,27.11
26/07/2012,1603,1618,27.81
27/07/2012,1618.75,1618.25,27.73
30/07/2012,1616.5,1617.75,27.64
31/07/2012,1622.75,1622,28.2
1/8/2012,1614.75,1599,27.87
2/8/2012,1604.5,1597,27.42
3/8/2012,1595,1602,27.25
6/8/2012,1606.75,1610,27.72
7/8/2012,1613,1611,28
8/8/2012,1607,1613.25,27.84
9/8/2012,1612.75,1615,28.02
10/8/2012,1608.5,1618.5,27.88
13/08/2012,1622.25,1622.5,28.05
14/08/2012,1614.5,1597.75,27.84
15/08/2012,1594.75,1601.75,27.64
16/08/2012,1603.5,1604.5,27.84
17/08/2012,1616.5,1614.75,28.2
20/08/2012,1615.25,1615,28.1
21/08/2012,1624,1639.5,28.92
22/08/2012,1640.5,1642,29.33
23/08/2012,1662.5,1665.25,30.32
24/08/2012,1666.5,1667,30.37
28/08/2012,1663.5,1668,30.81
29/08/2012,1664.25,1660,30.73
30/08/2012,1657,1660.5,30.66
31/08/2012,1657.75,1648.5,30.52
3/9/2012,1686,1691.5,31.74
4/9/2012,1691.5,1697,32.08
5/9/2012,1689.5,1690,32.1
6/9/2012,1708.5,1701,32.87
7/9/2012,1696,1728,32.22
10/9/2012,1732.75,1732,33.6
11/9/2012,1731,1736.75,33.52
12/9/2012,1742.75,1737,33.93
13/09/2012,1730.5,1733.25,33
14/09/2012,1772.5,1775.5,34.71
17/09/2012,1767.25,1770,34.53
18/09/2012,1756.75,1769.5,34.06
19/09/2012,1774.5,1766.75,34.65
20/09/2012,1760,1758.5,34.25
21/09/2012,1773.75,1784.5,34.69
24/09/2012,1758.5,1762.5,33.73
25/09/2012,1766.75,1771.5,34.01
26/09/2012,1763.75,1744.75,33.88
27/09/2012,1755.25,1763,33.95
28/09/2012,1781,1776,34.65
1/10/2012,1770.5,1787,34.35
2/10/2012,1778.5,1775.5,34.85
3/10/2012,1777.25,1775.25,34.72
4/10/2012,1786.5,1791.75,34.96
5/10/2012,1790,1784,34.85
8/10/2012,1769,1776.5,33.85
9/10/2012,1770.75,1774,33.87
10/10/2012,1763,1761.25,33.25
11/10/2012,1767.25,1769,34.25
12/10/2012,1767,1766.75,33.79
15/10/2012,1747.25,1736,33.22
16/10/2012,1737.5,1746.5,32.8
17/10/2012,1747.75,1749,33.03
18/10/2012,1748,1743,32.99
19/10/2012,1732.75,1737,32.33
22/10/2012,1725,1726.75,32.17
23/10/2012,1717,1711,31.71
24/10/2012,1708.5,1706.5,31.95
25/10/2012,1715,1715.5,32.08
26/10/2012,1704,1716,31.67
29/10/2012,1712,1707,31.82
30/10/2012,1713.5,1710,31.98
31/10/2012,1718,1719,32.28
1/11/2012,1723.25,1716.25,32.66
2/11/2012,1708.25,1685,31.92
5/11/2012,1679,1683.5,30.91
6/11/2012,1691.75,1691,31.4
7/11/2012,1730.5,1715.25,32.14
8/11/2012,1715,1717,31.7
9/11/2012,1732.75,1738.25,32.16
12/11/2012,1735.75,1735.25,32.63
13/11/2012,1724.75,1726.25,32.58
14/11/2012,1724.5,1725.75,32.48
15/11/2012,1723.5,1710,32.57
16/11/2012,1710,1713.5,32.27
19/11/2012,1723.25,1730.5,32.67
20/11/2012,1734,1732.25,33.19
21/11/2012,1726.75,1724,33.01
22/11/2012,1729.75,1731,33.29
23/11/2012,1734.75,1734.5,33.41
26/11/2012,1747.25,1750.5,34.08
27/11/2012,1747.25,1746.25,34.05
28/11/2012,1741,1708,33.85
29/11/2012,1724.5,1725,33.76
30/11/2012,1728.25,1728.25,34.28
3/12/2012,1718,1720,33.42
4/12/2012,1706.75,1697.75,33.3
5/12/2012,1703,1694,33.07
6/12/2012,1693,1694.25,32.83
7/12/2012,1697,1701.5,32.85
10/12/2012,1708.5,1712.5,33.34
11/12/2012,1709.75,1710,33.17
12/12/2012,1712.5,1616.25,33.1
13/12/2012,1694.75,1692.75,32.69
14/12/2012,1696.5,1696.25,32.52
17/12/2012,1690,1695.75,32.21
18/12/2012,1699.5,1694,32.38
19/12/2012,1674.5,1665,31.37
20/12/2012,1667,1650.5,31.12
21/12/2012,1648.25,1655.5,29.89
27/12/2012,1655.25,1655.5,29.75
28/12/2012,1658.75,1657.5,30.15
2/1/2013,1681.5,1693.75,30.87
3/1/2013,1684.5,1679.5,30.91
4/1/2013,1632.25,1648,29.32
7/1/2013,1653.75,1645.25,30.14
8/1/2013,1653.75,1656,30.39
9/1/2013,1663.5,1657.75,30.39
10/1/2013,1663,1675,30.49
11/1/2013,1669.5,1657.5,30.67
14/01/2013,1667.75,1666.5,30.76
15/01/2013,1681,1680.5,31.19
16/01/2013,1679.75,1676.25,31.23
17/01/2013,1683.25,1675,31.5
18/01/2013,1690,1688.5,31.82
21/01/2013,1688,1687.5,31.9
22/01/2013,1692.5,1690.5,31.94
23/01/2013,1692.25,1690.25,32.23
24/01/2013,1677,1671,31.85
25/01/2013,1670.25,1660,31.56
28/01/2013,1656.75,1656.5,30.87
29/01/2013,1660.5,1663.5,31.06
30/01/2013,1666.25,1677.5,31.35
31/01/2013,1674.5,1664.75,32.03
1/2/2013,1665,1669,31.43
4/2/2013,1664.25,1666,31.51
5/2/2013,1678,1673.5,32.01
6/2/2013,1670,1674.25,31.7
7/2/2013,1675.75,1668,31.75
8/2/2013,1669.75,1668.25,31.52
11/2/2013,1663.5,1652,31.16
12/2/2013,1641.75,1647.5,30.84
13/02/2013,1648,1645,31.035
14/02/2013,1644,1646,30.88
15/02/2013,1629.25,1612.25,30.18
18/02/2013,1611.25,1610.75,30
19/02/2013,1613.5,1607.75,30
20/02/2013,1602,1588.5,29.11
21/02/2013,1568.5,1577,28.72
22/02/2013,1580,1576.5,28.79
25/02/2013,1592.5,1586.25,29.17
26/02/2013,1597.25,1590.5,28.75
27/02/2013,1608.5,1604.25,29.07
28/02/2013,1591,1588.5,28.95
1/3/2013,1570,1582.25,28.01
4/3/2013,1578,1574.25,28.69
5/3/2013,1584.25,1579.75,28.93
6/3/2013,1574,1574,28.74
7/3/2013,1580.5,1579.5,29.01
8/3/2013,1577,1581.75,28.78
11/3/2013,1577.5,1579,28.9
12/3/2013,1582.5,1594,29.25
13/03/2013,1591.5,1589.25,29.12
14/03/2013,1585,1586,28.64
15/03/2013,1593.25,1595.5,28.91
18/03/2013,1599.5,1603.75,28.8
19/03/2013,1602.5,1610.75,28.85
20/03/2013,1611.5,1607.5,28.9
21/03/2013,1608.75,1613.75,28.91
22/03/2013,1611.5,1607.75,29.06
25/03/2013,1602.25,1599.25,28.67
26/03/2013,1597.25,1598,28.83
27/03/2013,1591,1603,28.33
28/03/2013,1602.5,1598.25,28.64
2/4/2013,1597.75,1583.5,27.96
3/4/2013,1568.5,1574.75,27.19
4/4/2013,1545.25,1546.5,26.8
5/4/2013,1552.75,1568,26.97
8/4/2013,1577.25,1575,27.27
9/4/2013,1572.5,1577.25,27.25
10/4/2013,1581.5,1575,27.74
11/4/2013,1555.75,1565,27.57
12/4/2013,1548,1535.5,27.4
15/04/2013,1416,1395,23.54
16/04/2013,1378,1380,23.47
17/04/2013,1379,1392,23.31
18/04/2013,1397,1393.75,23.51
19/04/2013,1414,1405.5,23.66
22/04/2013,1425,1424.5,23.6
23/04/2013,1417.25,1408,23.01
24/04/2013,1424.5,1428.5,22.91
25/04/2013,1446.5,1451,23.3
26/04/2013,1462.25,1471.5,24.02
29/04/2013,1472.5,1467.5,24.27
30/04/2013,1472.75,1469,24.42
1/5/2013,1469.5,1454.75,23.97
2/5/2013,1456,1469.25,23.69
3/5/2013,1476.5,1469.25,24.25
7/5/2013,1463,1444.25,23.75
8/5/2013,1454,1468,23.86
9/5/2013,1469.5,1465.5,24.07
10/5/2013,1449.25,1426.5,23.37
13/05/2013,1429.75,1430.75,23.66
14/05/2013,1436.5,1433.75,23.44
15/05/2013,1412.25,1410,22.87
16/05/2013,1377,1381,22.26
17/05/2013,1376.75,1368.75,22.52
20/05/2013,1353.75,1354.75,21.66
21/05/2013,1378.75,1360.75,22.44
22/05/2013,1385.25,1408.5,22.62
23/05/2013,1386,1380.5,22.47
24/05/2013,1385.25,1390.25,22.38
28/05/2013,1379,1376.5,22.36
29/05/2013,1384.5,1382.5,22.36
30/05/2013,1406.25,1413.5,22.68
31/05/2013,1410.25,1402.5,22.57
3/6/2013,1396.75,1402.5,22.43
4/6/2013,1405.25,1399.5,22.51
5/6/2013,1396.5,1404,22.37
6/6/2013,1399.5,1400,22.62
7/6/2013,1410,1386,22.6
10/6/2013,1376.75,1383.25,21.81
11/6/2013,1369.5,1374.25,21.58
12/6/2013,1377.25,1382.75,21.78
13/06/2013,1386.25,1385,21.83
14/06/2013,1379.75,1391.25,21.69
17/06/2013,1386,1384.75,21.87
18/06/2013,1378.5,1366.75,21.8
19/06/2013,1366,1372.75,21.62
20/06/2013,1303.25,1292.5,20.24
21/06/2013,1290.25,1295.25,19.87
24/06/2013,1283.25,1286.75,19.65
25/06/2013,1285,1279,19.77
26/06/2013,1229,1236.25,18.67
27/06/2013,1232,1232.75,18.61
28/06/2013,1203.25,1192,18.86
1/7/2013,1243.5,1242.75,19.44
2/7/2013,1260.75,1252.5,19.62
3/7/2013,1246,1250,19.55
4/7/2013,1249.5,1251.75,19.57
5/7/2013,1232.75,1212.75,19.32
8/7/2013,1225.5,1235.25,19.16
9/7/2013,1252,1255.5,19.1
10/7/2013,1252.25,1256,19.37
11/7/2013,1280.75,1285,19.85
12/7/2013,1275,1279.75,19.66
15/07/2013,1281.25,1284.75,19.82
16/07/2013,1286,1291.5,19.95
17/07/2013,1284.25,1297.25,19.83
18/07/2013,1279.75,1283.25,19.49
19/07/2013,1286,1295.75,19.42
22/07/2013,1313.75,1327,19.95
23/07/2013,1326.75,1333.5,20.18
24/07/2013,1340,1335,20.395
25/07/2013,1312,1326,19.92
26/07/2013,1327.75,1331,20.02
29/07/2013,1330.75,1329.75,20.1
30/07/2013,1322.25,1324.15,19.68
31/07/2013,1331.5,1314.5,19.94
1/8/2013,1323.75,1315,19.72
2/8/2013,1285.75,1309.25,19.46
5/8/2013,1311,1304.75,19.76
6/8/2013,1292,1280.5,19.78
7/8/2013,1275.5,1282.5,19.27
8/8/2013,1287.75,1298.25,19.73
9/8/2013,1305.5,1309,20.31
12/8/2013,1325.75,1341,20.835
13/08/2013,1334,1328.5,21.46
14/08/2013,1323.25,1326.5,21.5
15/08/2013,1339.5,1329.75,22
16/08/2013,1360.75,1369.25,22.83
19/08/2013,1375.25,1365,23.23
20/08/2013,1365.75,1372.5,22.87
21/08/2013,1360,1363,22.94
22/08/2013,1370.5,1375.5,23.07
23/08/2013,1374.5,1377.5,23.06
27/08/2013,1411,1419.25,24.29
28/08/2013,1425.5,1419.5,24.74
29/08/2013,1406.25,1407.75,24.11
30/08/2013,1392.75,1394.75,23.64
2/9/2013,1391.25,1392.25,23.97
3/9/2013,1391.25,1399.5,24.21
4/9/2013,1403.75,1390,23.71
5/9/2013,1391.75,1385,23.52
6/9/2013,1368.25,1387,23.05
9/9/2013,1386,1390,23.64
10/9/2013,1373,1358.25,23.32
11/9/2013,1365.25,1363.75,22.91
12/9/2013,1340.25,1328,22.67
13/09/2013,1308.25,1318.5,21.72
16/09/2013,1314.75,1324,21.88
17/09/2013,1317.25,1312.25,21.97
18/09/2013,1299.75,1301,21.47
19/09/2013,1363.5,1365.5,23
20/09/2013,1355.25,1349.25,22.74
23/09/2013,1321.75,1323,21.68
24/09/2013,1316.5,1314.25,21.44
25/09/2013,1320.25,1322.75,21.68
26/09/2013,1332.5,1333,21.97
27/09/2013,1321.5,1341,21.61
30/09/2013,1335.75,1326.5,21.68
1/10/2013,1332.25,1290.75,21.7
2/10/2013,1293.75,1306.25,21.14
3/10/2013,1309,1316,21.57
4/10/2013,1316,1309.75,21.65
7/10/2013,1311,1323.5,21.77
8/10/2013,1321,1329.5,22.3
9/10/2013,1309.5,1304,22.1
10/10/2013,1298,1298.5,21.93
11/10/2013,1285.75,1265.5,21.52
14/10/2013,1276,1285.5,21.52
15/10/2013,1255.5,1270.5,20.49
16/10/2013,1278.25,1273.5,21.32
17/10/2013,1308.5,1319.25,21.72
18/10/2013,1317,1316.5,21.87
21/10/2013,1316,1317.5,22.09
22/10/2013,1311.75,1333,22.06
23/10/2013,1333,1331.25,22.53
24/10/2013,1336.25,1344.75,22.67
25/10/2013,1341.75,1347.75,22.35
28/10/2013,1351,1361,22.54
29/10/2013,1346.75,1349.25,22.31
30/10/2013,1349.5,1354.75,22.74
31/10/2013,1333.75,1324,22.2
1/11/2013,1314.75,1306.75,21.75
4/11/2013,1314.25,1320.5,21.85
5/11/2013,1311.25,1307.25,21.6
6/11/2013,1317,1319,21.94
7/11/2013,1316,1307.25,21.75
8/11/2013,1309,1285.5,21.7
11/11/2013,1283.75,1282.5,21.395
12/11/2013,1281,1281.25,21.1
13/11/2013,1276,1272.5,20.7
14/11/2013,1283.25,1286,20.78
15/11/2013,1281.75,1287.25,20.635
18/11/2013,1283.5,1283.5,20.64
19/11/2013,1272.25,1275.75,20.44
20/11/2013,1271.5,1257,20.24
21/11/2013,1248.5,1240,19.97
22/11/2013,1241.75,1246.25,19.93
25/11/2013,1231.75,1243,19.71
26/11/2013,1250.75,1247.5,20.11
27/11/2013,1250.75,1245,19.98
28/11/2013,1241.75,1245.5,19.76
29/11/2013,1245.25,1253,19.93
2/12/2013,1237.5,1229.5,19.75
3/12/2013,1219,1217.25,19.17
4/12/2013,1213,1227.5,19.05
5/12/2013,1234,1222.5,19.46
6/12/2013,1230.75,1233,19.49
9/12/2013,1228.5,1237,19.5
10/12/2013,1245.75,1266.25,20.05
11/12/2013,1255.25,1260.75,20.39
12/12/2013,1243.5,1225.25,19.8
13/12/2013,1222.75,1232,19.55
16/12/2013,1229.5,1234.75,19.5
17/12/2013,1237.25,1231.75,20.02
18/12/2013,1233.25,1230.5,19.94
19/12/2013,1205.25,1196,19.34
20/12/2013,1195,1195.25,19.33
23/12/2013,1192.75,1199,19.37
27/12/2013,1209.25,1214.5,19.92
30/12/2013,1201.5,1204.5,19.65
2/1/2014,1219.75,1225,19.94
3/1/2014,1232.25,1234.5,20.18
6/1/2014,1238,1246.25,20.04
7/1/2014,1237.5,1227.5,20.02
8/1/2014,1226.5,1221,19.52
9/1/2014,1226,1226,19.54
10/1/2014,1232.25,1244.25,19.8
13/01/2014,1246,1248,20.09
14/01/2014,1248.75,1251.5,20.27
15/01/2014,1238,1236,20.09
16/01/2014,1237.25,1241.5,20
17/01/2014,1241,1250,20.01
20/01/2014,1254.75,1255.75,20.29
21/01/2014,1247.75,1238,20.03
22/01/2014,1239.5,1241,19.87
23/01/2014,1244.25,1263,20.11
24/01/2014,1259.25,1267,20.19
27/01/2014,1270,1260.5,19.83
28/01/2014,1253.5,1251.25,19.72
29/01/2014,1254.75,1264,19.68
30/01/2014,1254,1242.5,19.41
31/01/2014,1246.5,1251,19.31
3/2/2014,1246.5,1262,19.27
4/2/2014,1253,1250.25,19.34
5/2/2014,1257,1254.5,19.63
6/2/2014,1258.5,1256.5,20.14
7/2/2014,1260,1259.25,19.87
10/2/2014,1273.5,1277,20.2
11/2/2014,1282.75,1282,20.17
12/2/2014,1286.5,1289.5,20.2
13/02/2014,1290.25,1296,20.27
14/02/2014,1308.5,1320,21.09
17/02/2014,1326,1327.5,21.65
18/02/2014,1314,1320.75,21.37
19/02/2014,1318.75,1320.5,21.75
20/02/2014,1313.75,1316.25,21.59
21/02/2014,1320.75,1323.25,21.74
24/02/2014,1333,1334.75,22.05
25/02/2014,1332.75,1339,21.73
26/02/2014,1340,1331.75,21.845
27/02/2014,1331,1332.25,21.38
28/02/2014,1327.75,1326.5,21.27
3/3/2014,1344.25,1349.5,21.46
4/3/2014,1339.5,1334.75,21.15
5/3/2014,1333.5,1337,21.32
6/3/2014,1334.25,1345.25,21.11
7/3/2014,1348.25,1335.25,21.38
10/3/2014,1334.25,1344,20.99
11/3/2014,1348,1346.25,21.25
12/3/2014,1355.75,1366,20.97
13/03/2014,1371,1368.75,21.24
14/03/2014,1370,1385,21.36
17/03/2014,1379,1378.5,21.22
18/03/2014,1362.5,1355.75,20.94
19/03/2014,1346,1338,20.75
20/03/2014,1327,1327,20.17
21/03/2014,1338.5,1336,20.55
24/03/2014,1322,1310.75,20.2
25/03/2014,1314.75,1313.5,20
26/03/2014,1314.5,1304,20.03
27/03/2014,1295,1296,19.68
28/03/2014,1295.75,1294.75,19.71
31/03/2014,1294,1291.75,19.97
1/4/2014,1286.5,1283.75,19.8
2/4/2014,1284,1292,19.82
3/4/2014,1287.25,1284,19.83
4/4/2014,1293.5,1297.25,19.93
7/4/2014,1299,1299,19.81
8/4/2014,1314.75,1309.5,20.15
9/4/2014,1309.75,1301.75,19.89
10/4/2014,1321.5,1320.5,20.24
11/4/2014,1317.25,1318,20.09
14/04/2014,1324.5,1325.75,19.74
15/04/2014,1311.5,1298,19.77
16/04/2014,1299,1301.5,19.6
17/04/2014,1299.25,1299,19.62
22/04/2014,1290.75,1286.75,19.51
23/04/2014,1283.5,1285.25,19.46
24/04/2014,1283.5,1291.5,19.06
25/04/2014,1294.25,1301.25,19.66
28/04/2014,1302,1299,19.6
29/04/2014,1289.75,1297.75,19.33
30/04/2014,1292,1288.5,19.28
1/5/2014,1283,1278.5,19.06
2/5/2014,1285,1281.25,19.17
6/5/2014,1308.5,1306.25,19.64
7/5/2014,1311,1296,19.64
8/5/2014,1291.25,1287,19.25
9/5/2014,1289,1291.25,19.25
12/5/2014,1292.75,1298.75,19.46
13/05/2014,1292.75,1296.5,19.44
14/05/2014,1300.25,1305.25,19.87
15/05/2014,1303.75,1299,19.66
16/05/2014,1293.75,1291.5,19.33
19/05/2014,1301,1302,19.55
20/05/2014,1291.5,1295.5,19.37
21/05/2014,1292,1287.25,19.31
22/05/2014,1294.5,1298.5,19.56
23/05/2014,1292,1291.5,19.42
27/05/2014,1283,1275.5,19.25
28/05/2014,1265.25,1263.5,19.125
29/05/2014,1254,1255,18.85
30/05/2014,1254,1250.5,19
2/6/2014,1244.75,1247.25,18.81
3/6/2014,1244.25,1242.75,18.87
4/6/2014,1246,1245.25,18.76
5/6/2014,1244.75,1252.5,18.81
6/6/2014,1254,1247.5,19.03
9/6/2014,1255,1253.5,19.11
10/6/2014,1253.5,1259.5,19
11/6/2014,1262.5,1262,19.2
12/6/2014,1261.75,1265.75,19.33
13/06/2014,1273,1273,19.58
16/06/2014,1281.75,1276.25,19.67
17/06/2014,1264.5,1267.5,19.55
18/06/2014,1269,1269.75,19.73
19/06/2014,1282,1293,19.94
20/06/2014,1310,1312.5,20.62
23/06/2014,1313.5,1313.5,20.75
24/06/2014,1323,1318.5,21.12
25/06/2014,1312,1316.75,20.78
26/06/2014,1311.5,1311.75,20.83
27/06/2014,1315.25,1317.5,21.04
30/06/2014,1313,1315,20.87
1/7/2014,1325.75,1327.5,21.08
2/7/2014,1326.75,1326.5,21.04
3/7/2014,1322.5,1317.5,21
4/7/2014,1321.5,1319.25,21.12
7/7/2014,1313.25,1313,20.95
8/7/2014,1318.25,1323,21.08
9/7/2014,1322.5,1322.75,21.13
10/7/2014,1343.25,1340.25,21.5
11/7/2014,1336.5,1335,21.415
14/07/2014,1321.25,1306,21.13
15/07/2014,1312,1310,20.93
16/07/2014,1297.5,1301,20.7
17/07/2014,1302.75,1302.5,20.78
18/07/2014,1310.25,1307.25,20.94
21/07/2014,1312.75,1311.5,20.93
22/07/2014,1307,1310.25,20.81
23/07/2014,1307.5,1308,20.93
24/07/2014,1300,1292.75,20.84
25/07/2014,1292.5,1294.75,20.46
28/07/2014,1305,1304.5,20.63
29/07/2014,1307.5,1299.25,20.64
30/07/2014,1297.5,1294.5,20.54
31/07/2014,1295,1285.25,20.69
1/8/2014,1284.5,1291.25,20.34
4/8/2014,1293.5,1290.5,20.35
5/8/2014,1292.75,1284.75,20.2
6/8/2014,1288.5,1306.5,19.78
7/8/2014,1302,1305.25,20.07
8/8/2014,1317.5,1309.75,20.13
11/8/2014,1308.25,1307.25,19.85
12/8/2014,1311,1315.75,20.08
13/08/2014,1309.25,1312,19.9
14/08/2014,1315,1313.5,19.86
15/08/2014,1313.6,1296,19.86
18/08/2014,1302.75,1296.75,19.59
19/08/2014,1300.25,1296.5,19.66
20/08/2014,1294.5,1295,19.42
21/08/2014,1280.5,1275.25,19.4
22/08/2014,1281,1277.25,19.49
26/08/2014,1286.5,1286,19.49
27/08/2014,1285,1282.75,19.32
28/08/2014,1288,1292,19.75
29/08/2014,1285.75,1285.75,19.47
1/9/2014,1287.25,1286.5,19.49
2/9/2014,1277.75,1267,19.2
3/9/2014,1268.5,1265.5,19.1
4/9/2014,1271,1271.5,19.21
5/9/2014,1264,1266,19.13
8/9/2014,1267.25,1259,19.19
9/9/2014,1256,1255.75,19
10/9/2014,1254.25,1251,19.01
11/9/2014,1247,1241.25,18.7
12/9/2014,1237.25,1231.5,18.64
15/09/2014,1234.75,1234.25,18.64
16/09/2014,1238.75,1232.25,18.75
17/09/2014,1236.5,1236,18.63
18/09/2014,1223,1220.5,18.5
19/09/2014,1222.5,1219.75,18.45
22/09/2014,1214,1213.5,17.74
23/09/2014,1225,1222,17.92
24/09/2014,1224,1217.25,17.76
25/09/2014,1210.5,1213.75,17.52
26/09/2014,1222.25,1213.75,17.54
29/09/2014,1217.75,1219.5,17.58
30/09/2014,1210,1216.5,17.11
1/10/2014,1208.5,1216.5,17.04
2/10/2014,1214.5,1211.75,17.09
3/10/2014,1207.5,1195,16.97
6/10/2014,1193.25,1195.75,17.02
7/10/2014,1207.5,1210.5,17.36
8/10/2014,1220,1217,17.35
9/10/2014,1227.5,1226.75,17.64
10/10/2014,1222.25,1219,17.26
13/10/2014,1228,1229,17.41
14/10/2014,1233,1234.75,17.5
15/10/2014,1223.5,1237.5,17.01
16/10/2014,1241,1237.75,17.46
17/10/2014,1238,1234.25,17.36
20/10/2014,1241,1244.5,17.38
21/10/2014,1251.75,1250.25,17.36
22/10/2014,1246.75,1243.75,17.36
23/10/2014,1240.5,1232.75,17.07
24/10/2014,1231.75,1232.75,17.19
27/10/2014,1230.5,1228.75,17.18
28/10/2014,1228.25,1229.25,17.18
29/10/2014,1228,1223.5,17.2
30/10/2014,1205.75,1202,16.78
31/10/2014,1173.25,1164.25,16.2
3/11/2014,1170.75,1167.75,16.15
4/11/2014,1169.25,1166.5,16.12
5/11/2014,1145.25,1142,15.32
6/11/2014,1144.5,1145,15.28
7/11/2014,1145,1154.5,15.42
10/11/2014,1172,1162,15.67
11/11/2014,1151.25,1156.5,15.57
12/11/2014,1163.25,1164.5,15.62
13/11/2014,1161,1161.75,15.74
14/11/2014,1154,1169,15.35
17/11/2014,1187,1182.5,16.2
18/11/2014,1202,1192.75,16.27
19/11/2014,1200.75,1196,16.26
20/11/2014,1194,1190,16.2
21/11/2014,1193.25,1203.75,16.3
24/11/2014,1196,1197.5,16.33
25/11/2014,1202.25,1199,16.66
26/11/2014,1195.75,1197.5,16.61
27/11/2014,1196.5,1194.75,16.42
28/11/2014,1184.5,1182.75,15.97
1/12/2014,1178.75,1194,15.73
2/12/2014,1197,1195,16.16
3/12/2014,1203.25,1204.75,16.3
4/12/2014,1204,1209,16.42
5/12/2014,1204.5,1194,16.33
8/12/2014,1195.25,1193,16.26
9/12/2014,1206.5,1227,16.37
10/12/2014,1228.25,1229,17.06
11/12/2014,1219.5,1216.25,16.98
12/12/2014,1223.5,1217,17.07
15/12/2014,1210.75,1209.25,16.85
16/12/2014,1199.25,1202.5,16.29
17/12/2014,1199,1195.75,15.95
18/12/2014,1210.75,1199,16.08
19/12/2014,1197.5,1195.5,15.86
22/12/2014,1195.25,1195.25,16.09
23/12/2014,1179.5,1175.75,15.71
29/12/2014,1194,1185.5,16
30/12/2014,1186.5,1206,15.79
2/1/2015,1184.25,1172,15.71
5/1/2015,1192,1200,15.88
6/1/2015,1211,1210.25,16.29
7/1/2015,1213.75,1210.5,16.33
8/1/2015,1206.5,1215.5,16.37
9/1/2015,1211.25,1217.75,16.24
12/1/2015,1222,1226.5,16.52
13/01/2015,1239,1231.5,17
14/01/2015,1228.75,1235,16.64
15/01/2015,1235.25,1259,17.12
16/01/2015,1258.25,1277.5,16.92
19/01/2015,1275.5,1273.75,17.65
20/01/2015,1292.25,1288.75,17.8
21/01/2015,1298,1293.5,18.22
22/01/2015,1287,1295.75,18.08
23/01/2015,1293.5,1294.75,18.23
26/01/2015,1282.75,1281.25,17.83
27/01/2015,1279,1288.5,17.87
28/01/2015,1287,1288,18.01
29/01/2015,1275.5,1268.75,17.43
30/01/2015,1263.5,1260.25,16.92
2/2/2015,1274.25,1272.5,17.22
3/2/2015,1281,1264.25,17.59
4/2/2015,1269.25,1268.5,17.39
5/2/2015,1263.75,1259.25,17
6/2/2015,1264,1241,17.22
9/2/2015,1242.25,1238.5,16.97
10/2/2015,1237.5,1234.5,16.8
11/2/2015,1235.5,1223.75,16.95
12/2/2015,1225.25,1222.5,16.89
13/02/2015,1225.75,1232.5,16.86
16/02/2015,1233.5,1229.25,17.27
17/02/2015,1221.75,1209.5,16.82
18/02/2015,1206.5,1206,16.42
19/02/2015,1217.75,1209.5,16.73
20/02/2015,1203.5,1208.25,16.34
23/02/2015,1193.5,1204.5,16.2
24/02/2015,1195.5,1192.5,16.32
25/02/2015,1206.5,1204.75,16.51
26/02/2015,1220,1208.25,16.82
27/02/2015,1205,1214,16.53
2/3/2015,1216.75,1212.5,16.63
3/3/2015,1207.75,1212.75,16.42
4/3/2015,1204.25,1199.5,16.32
5/3/2015,1199.75,1202,16.19
6/3/2015,1196.5,1175.75,15.99
9/3/2015,1173.75,1168.5,15.92
10/3/2015,1161,1162,15.78
11/3/2015,1158.75,1150,15.64
12/3/2015,1161.25,1152.25,15.68
13/03/2015,1156.5,1152,15.5
16/03/2015,1157,1150.75,15.58
17/03/2015,1154.75,1150.75,15.56
18/03/2015,1149,1147.25,15.47
19/03/2015,1164,1166,15.88
20/03/2015,1171.75,1183.1,16.17
23/03/2015,1181.4,1186.25,16.73
24/03/2015,1193.25,1191.5,16.97
25/03/2015,1192.55,1195.6,16.94
26/03/2015,1209.4,1203.15,17.13
27/03/2015,1198,1195.75,17.14
30/03/2015,1187.4,1185.5,16.65
31/03/2015,1179.25,1187,16.6
1/4/2015,1181.25,1197,16.56
2/4/2015,1201.5,1198.5,16.84
7/4/2015,1208.5,1211,16.86
8/4/2015,1211.1,1207.25,16.84
9/4/2015,1196,1194.8,16.3
10/4/2015,1201.9,1207.35,16.55
13/04/2015,1197.85,1198.9,16.27
14/04/2015,1191.45,1194.75,16.08
15/04/2015,1189.85,1192.9,16.18
16/04/2015,1204.6,1204.35,16.47
17/04/2015,1204.55,1203.35,16.36
20/04/2015,1203.25,1196.5,16.09
21/04/2015,1197.7,1195.3,16.08
22/04/2015,1202.4,1189.25,16.05
23/04/2015,1187.75,1185.75,15.86
24/04/2015,1192.15,1183,15.83
27/04/2015,1182.75,1200,15.84
28/04/2015,1201.4,1209,16.32
29/04/2015,1204.8,1209,16.48
30/04/2015,1204.3,1180.25,16.52
1/5/2015,1179,1175.95,16.17
5/5/2015,1187.4,1197,16.42
6/5/2015,1191.25,1194.25,16.41
7/5/2015,1183,1187,16.35
8/5/2015,1185.25,1186,16.31
11/5/2015,1184.75,1189.25,16.39
12/5/2015,1184.45,1191.5,16.46
13/05/2015,1193,1210.5,16.65
14/05/2015,1214.75,1225,17.4
15/05/2015,1216.3,1220.5,17.25
18/05/2015,1228.15,1223.5,17.7
19/05/2015,1219.65,1214.3,17.4
20/05/2015,1206.75,1210.5,17.07
21/05/2015,1209.6,1205,17.18
22/05/2015,1211,1204.1,17.25
26/05/2015,1194,1185.4,16.79
27/05/2015,1187.85,1185.85,16.66
28/05/2015,1189.45,1185,16.68
29/05/2015,1190.4,1191.4,16.67
1/6/2015,1187.3,1199.9,16.61
2/6/2015,1188.75,1192.8,16.7
3/6/2015,1186.6,1190,16.6
4/6/2015,1182.45,1176,16.47
5/6/2015,1175.9,1164.6,16.15
8/6/2015,1173.4,1172.8,16.06
9/6/2015,1181,1177.4,16.13
10/6/2015,1186,1188.5,16.13
11/6/2015,1180.5,1178.5,15.87
12/6/2015,1179.25,1182.8,15.93
15/06/2015,1178.25,1181.4,15.93
16/06/2015,1182.1,1177.75,16.03
17/06/2015,1178.5,1178,15.98
18/06/2015,1198,1201.85,16.24
19/06/2015,1198.15,1203.4,16.12
22/06/2015,1193.7,1185.5,16.19
23/06/2015,1183.35,1178,15.96
24/06/2015,1175.75,1173.75,15.89
25/06/2015,1174.6,1172.65,15.77
26/06/2015,1174.4,1170.5,15.83
29/06/2015,1176.5,1176,15.83
30/06/2015,1175,1171,15.7
1/7/2015,1171.7,1168,15.63
2/7/2015,1164.3,1165.25,15.61
3/7/2015,1168.25,1167.95,15.64
6/7/2015,1164.25,1166,15.59
7/7/2015,1166.25,1156.25,15.61
8/7/2015,1154.25,1158.5,14.99
9/7/2015,1162.1,1164.25,15.38
10/7/2015,1162.4,1159.3,15.45
13/07/2015,1154.95,1154,15.45
14/07/2015,1153.2,1157.4,15.28
15/07/2015,1154.75,1147.4,15.31
16/07/2015,1145.1,1144.4,14.93
17/07/2015,1143,1132.8,15.01
20/07/2015,1115,1104.6,14.84
21/07/2015,1108,1105.6,14.75
22/07/2015,1096.8,1088.6,14.78
23/07/2015,1101.65,1097.4,14.88
24/07/2015,1083.75,1080.8,14.49
27/07/2015,1098.6,1100,14.69
28/07/2015,1095.6,1096.2,14.54
29/07/2015,1096.75,1090.25,14.61
30/07/2015,1085.65,1087.5,14.64
31/07/2015,1080.05,1098.4,14.56
3/8/2015,1093,1091.9,14.73
4/8/2015,1092.6,1090.65,14.54
5/8/2015,1086.5,1085.1,14.52
6/8/2015,1085,1089.75,14.59
7/8/2015,1091.35,1093.5,14.75
10/8/2015,1094.8,1097,14.88
11/8/2015,1113.25,1108.25,15.31
12/8/2015,1116.8,1119,15.36
13/08/2015,1117.35,1116.75,15.33
14/08/2015,1116.75,1118.25,15.55
17/08/2015,1117.3,1118.8,15.23
18/08/2015,1119.15,1111.45,15.23
19/08/2015,1123.2,1126.15,14.84
20/08/2015,1137.95,1147.7,15.5
21/08/2015,1149.35,1156.5,15.46
24/08/2015,1153.5,1166.5,14.94
25/08/2015,1154.25,1137.5,14.87
26/08/2015,1134.4,1120.75,14.41
27/08/2015,1128.5,1119,14.27
28/08/2015,1125.5,1135,14.44
1/9/2015,1141.9,1142.3,14.68
2/9/2015,1140,1137.75,14.56
3/9/2015,1130.05,1128,14.71
4/9/2015,1125,1118.25,14.69
7/9/2015,1121,1119.5,14.54
8/9/2015,1120.85,1121.15,14.63
9/9/2015,1122.3,1109.85,14.77
10/9/2015,1107.75,1109.5,14.72
11/9/2015,1106.35,1100.25,14.58
14/09/2015,1108,1104.8,14.43
15/09/2015,1105.5,1105.95,14.35
16/09/2015,1109.75,1117.6,14.51
17/09/2015,1118.15,1117.5,14.76
18/09/2015,1136,1141.5,15.26
21/09/2015,1136.85,1133.25,15.18
22/09/2015,1129.3,1122.9,14.94
23/09/2015,1124.6,1131.35,14.8
24/09/2015,1134.45,1154.5,14.79
25/09/2015,1145.5,1146.65,14.99
28/09/2015,1137.5,1131.05,14.7
29/09/2015,1124.6,1132.1,14.56
30/09/2015,1122.5,1114,14.65
1/10/2015,1114.2,1119,14.55
2/10/2015,1106.3,1140.75,14.43
5/10/2015,1134.35,1139.75,15.25
6/10/2015,1136.9,1147.5,15.67
7/10/2015,1147.9,1144.6,15.82
8/10/2015,1143.3,1140,15.61
9/10/2015,1151.5,1151.55,15.99
12/10/2015,1164.2,1164.9,15.96
13/10/2015,1154.4,1165.2,15.61
14/10/2015,1173.7,1173.9,15.84
15/10/2015,1183.35,1184.25,16.18
16/10/2015,1176.35,1180.85,16.04
19/10/2015,1171.65,1175.4,15.86
20/10/2015,1173.7,1177.75,15.86
21/10/2015,1174.4,1167.1,15.75
22/10/2015,1166.45,1167,15.77
23/10/2015,1171.55,1161.25,15.98
26/10/2015,1168.5,1166.4,16.1
27/10/2015,1165.75,1165.7,15.8
28/10/2015,1171.5,1179.6,16.03
29/10/2015,1159,1148.6,15.82
30/10/2015,1147.75,1142.35,15.63
2/11/2015,1135.8,1134,15.4
3/11/2015,1130.9,1123.1,15.38
4/11/2015,1118,1114.7,15.26
5/11/2015,1107.3,1106.3,15.02
6/11/2015,1107.7,1088.9,15.08
9/11/2015,1095.6,1089.6,14.78
10/11/2015,1092.5,1087.1,14.55
11/11/2015,1088.6,1085.9,14.44
12/11/2015,1087.6,1087.4,14.39
13/11/2015,1083.75,1081.5,14.39
16/11/2015,1094.5,1084.75,14.36
17/11/2015,1080.8,1079.2,14.25
18/11/2015,1070.5,1067.75,14.17
19/11/2015,1073.1,1082.6,14.21
20/11/2015,1085.15,1081.75,14.29
23/11/2015,1068.35,1070.5,13.98
24/11/2015,1073,1076.4,14.14
25/11/2015,1072.2,1068,14.07
26/11/2015,1070.5,1071,14.29
27/11/2015,1064.65,1057.4,14.11
30/11/2015,1055.65,1061.9,14.08
1/12/2015,1069.25,1065.4,14.21
2/12/2015,1066.9,1055.4,14.14
3/12/2015,1050.6,1055.45,13.93
4/12/2015,1063,1079.25,14.13
7/12/2015,1082.7,1075.8,14.49
8/12/2015,1071.75,1072.1,14.24
9/12/2015,1078.4,1081,14.27
10/12/2015,1072,1071,14.17
11/12/2015,1067.2,1072.5,13.92
14/12/2015,1068,1068.25,13.71
15/12/2015,1069.15,1061.5,13.74
16/12/2015,1065.75,1075.25,13.74
17/12/2015,1065.85,1049.4,14.08
18/12/2015,1055.25,1062.5,13.82
21/12/2015,1071.15,1078.75,14.2
22/12/2015,1077,1074.9,14.24
23/12/2015,1071.5,1068.25,14.33
29/12/2015,1067.25,1070.1,13.93
30/12/2015,1067.8,1060,13.82
4/1/2016,1072.7,1082.25,14
5/1/2016,1078,1077,14.01
6/1/2016,1083.85,1091.4,14.005
7/1/2016,1096,1106.35,14.03
8/1/2016,1097.45,1101.85,14.04
11/1/2016,1104.7,1100.75,13.97
12/1/2016,1094.85,1085.4,13.88
13/01/2016,1081.8,1088.15,13.83
14/01/2016,1090.75,1088.4,14.02
15/01/2016,1081.1,1093.75,13.8
18/01/2016,1090.45,1089.2,13.88
19/01/2016,1087,1086.25,14.03
20/01/2016,1093.2,1101.75,14.05
21/01/2016,1096.8,1096.5,14.01
22/01/2016,1097.65,1096.25,14.17
25/01/2016,1103.7,1106.6,14.22
26/01/2016,1114.7,1113.6,14.33
27/01/2016,1116.5,1116.25,14.38
28/01/2016,1119,1114,13.58
29/01/2016,1112.9,1111.8,14.08
1/2/2016,1122,1126.5,14.33
2/2/2016,1123.6,1128.5,14.26
3/2/2016,1130,1132,14.41
4/2/2016,1146.25,1156.35,14.74
5/2/2016,1158.5,1150.35,14.91
8/2/2016,1173.4,1193.25,14.94
9/2/2016,1188.9,1191,15.34
10/2/2016,1183.4,1190,15.12
11/2/2016,1223.25,1241,15.65
12/2/2016,1239.5,1239.75,15.64
15/02/2016,1208.45,1208.2,15.26
16/02/2016,1212,1209.5,15.35
17/02/2016,1202.4,1210,15.25
18/02/2016,1204.4,1210.1,15.25
19/02/2016,1221.5,1231.15,15.37
22/02/2016,1203.65,1211,15
23/02/2016,1218.75,1221.35,15.21
24/02/2016,1232.25,1250.75,15.32
25/02/2016,1235.4,1236,15.16
26/02/2016,1231,1226.5,15.17
29/02/2016,1234.15,1234.9,14.75
1/3/2016,1240,1236.5,14.99
2/3/2016,1229.35,1239.2,14.82
3/3/2016,1241.95,1250.25,14.97
4/3/2016,1271.5,1277.5,15.43
7/3/2016,1267.6,1267.9,15.66
8/3/2016,1274.1,1267,15.66
9/3/2016,1258.25,1246.4,15.27
10/3/2016,1247.25,1266.5,15.27
11/3/2016,1262.25,1264.75,15.5
14/03/2016,1256.55,1242.75,15.6
15/03/2016,1233.6,1232,15.32
16/03/2016,1233.1,1228.5,15.29
17/03/2016,1269.6,1266.5,15.73
18/03/2016,1254.5,1252.1,15.94
21/03/2016,1244.25,1244.9,15.81
22/03/2016,1251.8,1252.5,15.89
23/03/2016,1232.2,1217.6,15.58
24/03/2016,1216.45,1221,15.28
29/03/2016,1216.45,1226,15.06
30/03/2016,1238.2,1236.25,15.38
31/03/2016,1233.6,1237,15.38
1/4/2016,1232.1,1213.6,15.38
4/4/2016,1215,1219.75,14.96
5/4/2016,1231.5,1231.25,15.19
6/4/2016,1225.75,1221.4,15.07
7/4/2016,1237.5,1242.1,15.22
8/4/2016,1235,1239.5,15.16
11/4/2016,1247.25,1254.75,15.56
12/4/2016,1259.2,1254.6,15.96
13/04/2016,1245.75,1245.75,15.98
14/04/2016,1240.3,1233.85,16.13
15/04/2016,1229.75,1227.1,16.17
18/04/2016,1237.7,1234.3,16.2
19/04/2016,1241.7,1255.4,16.62
20/04/2016,1247.75,1252,16.97
21/04/2016,1257.65,1249.25,17.32
22/04/2016,1245.4,1243.25,17.19
25/04/2016,1230.85,1238.9,16.86
26/04/2016,1234.5,1241.7,16.95
27/04/2016,1244.75,1247.4,17.34
28/04/2016,1256.6,1256,17.35
29/04/2016,1274.5,1285.65,17.855
3/5/2016,1296.5,1294,17.49
4/5/2016,1280.3,1283,17.18
5/5/2016,1275.75,1280.25,17.38
6/5/2016,1280.25,1289,17.31
9/5/2016,1277.75,1265.25,17.33
10/5/2016,1264.85,1262.8,17.04
11/5/2016,1271.8,1276.85,17.51
12/5/2016,1268.3,1279.25,17.23
13/05/2016,1275.15,1265.9,17.09
16/05/2016,1281,1285.75,17.32
17/05/2016,1270.1,1277,17.08
18/05/2016,1270.9,1272.9,17.05
19/05/2016,1253.75,1246.25,16.6
20/05/2016,1256.5,1254.2,16.56
23/05/2016,1250.4,1245.9,16.31
24/05/2016,1242.65,1236.85,16.27
25/05/2016,1220.75,1220.6,16.205
26/05/2016,1226.65,1223.85,16.46
27/05/2016,1221.25,1216.25,16.3
31/05/2016,1210.5,1212.1,16.06
1/6/2016,1216.25,1214.5,15.95
2/6/2016,1215.5,1212.4,15.98
3/6/2016,1211,1240.5,16.1
6/6/2016,1240.55,1244,16.4
7/6/2016,1241.1,1241,16.31
8/6/2016,1252.4,1263,16.75
9/6/2016,1258.35,1263.9,17.05
10/6/2016,1266.6,1275.5,17.32
13/06/2016,1284.1,1280.8,17.32
14/06/2016,1279.4,1287.15,17.25
15/06/2016,1282,1283.3,17.41
16/06/2016,1307,1310.75,17.71
17/06/2016,1284.5,1290.7,17.37
20/06/2016,1283.25,1281.8,17.335
21/06/2016,1280.8,1272.6,17.36
22/06/2016,1265,1264.85,17.2
23/06/2016,1265.75,1262.15,17.29
24/06/2016,1313.85,1315.5,18.04
27/06/2016,1324.6,1324.55,17.7
28/06/2016,1312,1309.7,17.57
29/06/2016,1317.75,1321.5,18.21
30/06/2016,1317,1320.75,18.36
1/7/2016,1331.75,1340,19.24
4/7/2016,1348.75,1350.75,20.36
5/7/2016,1344.75,1350.75,19.73
6/7/2016,1370,1366.25,20.43
7/7/2016,1367.1,1356.7,19.95
8/7/2016,1356.1,1354.25,19.72
11/7/2016,1358.25,1357.1,20.47
12/7/2016,1352.85,1342.4,20.35
13/07/2016,1340.25,1342.75,20.29
14/07/2016,1325.7,1323.6,20.25
15/07/2016,1330.5,1327,20.14
18/07/2016,1326.15,1334.7,19.72
19/07/2016,1332.2,1330.9,19.99
20/07/2016,1325.6,1315.9,19.7
21/07/2016,1322,1321.15,19.34
22/07/2016,1323.2,1320.75,19.7
25/07/2016,1315,1313.15,19.41
26/07/2016,1321.25,1323,19.68
27/07/2016,1320.8,1329,19.58
28/07/2016,1341.3,1341.75,20.41
29/07/2016,1332.5,1342,20.04
1/8/2016,1348.85,1349.65,20.51
2/8/2016,1358.15,1363.75,20.71
3/8/2016,1364.4,1358.9,20.59
4/8/2016,1351.15,1362.75,20.16
5/8/2016,1362.6,1340.4,20.22
8/8/2016,1330,1336.8,19.66
9/8/2016,1332.9,1341,19.7
10/8/2016,1351.85,1347.7,20.335
11/8/2016,1344.55,1355,20.21
12/8/2016,1336.7,1352.2,19.87
15/08/2016,1339.2,1339.4,19.9
16/08/2016,1349.1,1344,20.035
17/08/2016,1342.75,1343.35,19.57
18/08/2016,1347.1,1350.05,19.78
19/08/2016,1346.85,1346.4,19.415
22/08/2016,1334.3,1335.9,18.91
23/08/2016,1338.5,1342,18.98
24/08/2016,1337.3,1327.25,18.84
25/08/2016,1324.5,1321.3,18.5
26/08/2016,1324.9,1318.75,18.67
30/08/2016,1318.85,1318.15,18.78
31/08/2016,1314.45,1309.25,18.74
1/9/2016,1305.7,1309.5,18.65
2/9/2016,1311.5,1325.7,18.75
5/9/2016,1328.3,1326.35,19.46
6/9/2016,1330.05,1337.25,19.6
7/9/2016,1348.75,1348.35,19.92
8/9/2016,1348,1343.4,19.93
9/9/2016,1335.65,1330.85,19.41
12/9/2016,1327.5,1324.6,18.72
13/09/2016,1328.5,1323.65,19.16
14/09/2016,1323.2,1321.75,19.04
15/09/2016,1320.1,1310.8,18.96
16/09/2016,1314.25,1308.35,18.91
19/09/2016,1315.05,1314.85,19.12
20/09/2016,1315.4,1313.8,19.17
21/09/2016,1319.6,1326.1,19.43
22/09/2016,1332.45,1339.1,19.875
23/09/2016,1335.9,1338.65,19.82
26/09/2016,1336.3,1340.5,19.44
27/09/2016,1335.85,1327,19.42
28/09/2016,1324.8,1322.5,19.12
29/09/2016,1320.85,1318.1,19.01
30/09/2016,1327.9,1322.5,19.35
3/10/2016,1318.65,1313.3,19.18
4/10/2016,1309.15,1283.3,18.74
5/10/2016,1274,1269.4,17.8
6/10/2016,1265.5,1254.5,17.76
7/10/2016,1255,1258.75,17.33
10/10/2016,1262.1,1259.5,17.78
11/10/2016,1256.4,1253.45,17.48
12/10/2016,1255.7,1256.5,17.44
13/10/2016,1258,1261.05,17.59
14/10/2016,1256.15,1251.75,17.47
17/10/2016,1252.7,1254.8,17.4
18/10/2016,1261.65,1258.2,17.65
19/10/2016,1269.75,1269.05,17.69
20/10/2016,1269.2,1271.65,17.6
21/10/2016,1263.95,1266.05,17.51
24/10/2016,1267,1265.55,17.64
25/10/2016,1269.3,1269.4,17.73
26/10/2016,1273.9,1270.5,17.66
27/10/2016,1269.3,1266.25,17.66
28/10/2016,1265.9,1273,17.61
31/10/2016,1274.2,1272,17.76
1/11/2016,1284.4,1288.45,18.24
2/11/2016,1295.85,1303.75,18.54
3/11/2016,1293,1301,18.07
4/11/2016,1301.7,1302.8,18.3
7/11/2016,1286.8,1283.05,18.22
8/11/2016,1284,1282.35,18.26
9/11/2016,1304.55,1281.4,18.81
10/11/2016,1280.9,1267.5,18.75
11/11/2016,1255.65,1236.45,18.59
14/11/2016,1222.6,1213.6,17.195
15/11/2016,1228.9,1226.95,17
16/11/2016,1225.7,1229.2,16.95
17/11/2016,1232,1226.75,17.04
18/11/2016,1206.1,1211,16.51
21/11/2016,1214.95,1214.25,16.68
22/11/2016,1217.55,1212.25,16.76
23/11/2016,1213.25,1185.35,16.56
24/11/2016,1187.25,1186.1,16.31
25/11/2016,1187.5,1187.7,16.465
28/11/2016,1189.1,1187,16.68
29/11/2016,1187.3,1186.55,16.54
30/11/2016,1187.4,1178.1,16.67
1/12/2016,1168.75,1161.85,16.3
2/12/2016,1171.65,1173.5,16.35
5/12/2016,1164.9,1162.2,16.62
6/12/2016,1171.15,1172.5,16.79
7/12/2016,1171.25,1177.65,16.77
8/12/2016,1174.75,1171.05,17.13
9/12/2016,1168.9,1163.6,16.95
12/12/2016,1154.4,1156.1,16.86
13/12/2016,1157.35,1158.55,17.01
14/12/2016,1160.95,1162.25,17.11
15/12/2016,1132.45,1126.95,16.14
16/12/2016,1134.85,1131.6,16.05
19/12/2016,1137.6,1136.25,16
20/12/2016,1132.75,1125.7,15.8
21/12/2016,1134.4,1133.65,16.03
22/12/2016,1130.55,1131.35,15.77
28/12/2016,1139.75,1134.6,15.8
29/12/2016,1146.8,1145.9,16.06
3/1/2017,1148.65,1151,15.95
4/1/2017,1165.9,1164.25,16.42
5/1/2017,1173.05,1176.7,16.59
6/1/2017,1178,1175.85,16.45
9/1/2017,1176.1,1178.5,16.52
10/1/2017,1183.2,1189.5,16.665
11/1/2017,1187.55,1178.55,16.79
12/1/2017,1206.65,1205.05,16.91
13/01/2017,1196.35,1190.35,16.76
16/01/2017,1202.75,1203,16.82
17/01/2017,1217.5,1216.05,17
18/01/2017,1212.5,1214.75,17.12
19/01/2017,1203.35,1196.05,16.95
20/01/2017,1199.1,1200.55,16.89
23/01/2017,1213.75,1212.85,17.14
24/01/2017,1213.3,1216.8,17.105
25/01/2017,1203.5,1195,16.93
26/01/2017,1191.55,1189.7,16.86
27/01/2017,1184.2,1184.85,16.7
30/01/2017,1189.85,1192.8,17.1
31/01/2017,1198.8,1212.8,17.29
1/2/2017,1210,1203.65,17.6
2/2/2017,1224.05,1221.95,17.71
3/2/2017,1213.05,1215.2,17.28
6/2/2017,1221.85,1226.75,17.6
7/2/2017,1231,1231,17.6
8/2/2017,1235.6,1242.1,17.74
9/2/2017,1241.75,1236.8,17.715
10/2/2017,1225.75,1228.3,17.62
13/02/2017,1229.4,1222.25,17.97
14/02/2017,1229.65,1230.75,17.905
15/02/2017,1225.15,1224.4,17.88
16/02/2017,1236.75,1240.55,18.1
17/02/2017,1241.4,1241.95,18.005
20/02/2017,1235.35,1237.3,17.98
21/02/2017,1228.7,1233.2,17.89
22/02/2017,1237.5,1236.65,18
23/02/2017,1237.35,1247.9,18
24/02/2017,1255.35,1253.65,18.27
27/02/2017,1256.25,1257.2,18.34
28/02/2017,1251.9,1255.6,18.28
1/3/2017,1246.05,1240.4,18.33
2/3/2017,1243.3,1238.1,18.33
3/3/2017,1228.75,1226.5,17.66
6/3/2017,1231.15,1230.95,17.81
7/3/2017,1223.7,1216.65,17.7
8/3/2017,1213.3,1209.2,17.4
9/3/2017,1204.6,1206.55,17.14
10/3/2017,1196.55,1202.65,16.89
13/03/2017,1207.8,1204.2,17.02
14/03/2017,1203.55,1204.6,17
15/03/2017,1202.25,1198.8,16.91
16/03/2017,1225.6,1229.35,17.46
17/03/2017,1228.75,1229.6,17.4
20/03/2017,1233,1232.4,17.23
21/03/2017,1232.05,1241.6,17.31
22/03/2017,1246.1,1249.05,17.58
23/03/2017,1247.9,1247.5,17.55
24/03/2017,1244,1247.5,17.63
27/03/2017,1256.9,1257.55,17.94
28/03/2017,1253.65,1257.25,17.94
29/03/2017,1252.9,1251.1,18.13
30/03/2017,1250.9,1248.8,18.1
31/03/2017,1241.7,1244.85,18.06
3/4/2017,1246.25,1247.25,18.16
4/4/2017,1258.65,1257.65,18.34
5/4/2017,1252.5,1245.8,18.26
6/4/2017,1253.75,1252.5,18.22
7/4/2017,1264.3,1266.45,18.4
10/4/2017,1253.6,1250.05,17.94
11/4/2017,1255.7,1252.9,17.94
12/4/2017,1272.3,1274.3,18.31
13/04/2017,1286.1,1284.15,18.56
18/04/2017,1285,1278.95,18.42
19/04/2017,1282.05,1279.05,18.22
20/04/2017,1279.9,1282.1,18.19
21/04/2017,1281.5,1281.85,17.98
24/04/2017,1271.8,1269.4,17.81
25/04/2017,1270.5,1267.8,17.84
26/04/2017,1264.95,1261.85,17.59
27/04/2017,1264.3,1262.8,17.46
28/04/2017,1265.55,1266.45,17.41
2/5/2017,1255.8,1255.45,16.95
3/5/2017,1253.95,1250.3,16.85
4/5/2017,1235.85,1228.45,16.5
5/5/2017,1239.4,1228.05,16.27
8/5/2017,1229.7,1229.8,16.38
9/5/2017,1225.15,1220.4,16.22
10/5/2017,1222.95,1222.95,16.29
11/5/2017,1221,1223.15,16.37
12/5/2017,1227.9,1231.25,16.3
15/05/2017,1231.5,1233.3,16.59
16/05/2017,1234.05,1234.2,16.72
17/05/2017,1244.6,1257.4,16.9
18/05/2017,1261.35,1255.9,16.81
19/05/2017,1251.85,1252,16.77
22/05/2017,1255.25,1258.85,16.95
23/05/2017,1259.9,1260.2,17.14
24/05/2017,1251.35,1252.55,17.03
25/05/2017,1257.1,1256.95,17.15
26/05/2017,1265,1265.05,17.29
30/05/2017,1262.8,1262.7,17.27
31/05/2017,1263.8,1266.2,17.31
1/6/2017,1266.15,1264.85,17.13
2/6/2017,1260.95,1274.95,17.19
5/6/2017,1280.7,1279.95,17.52
6/6/2017,1287.85,1293.5,17.56
7/6/2017,1292.7,1291,17.6
8/6/2017,1284.8,1273.1,17.6
9/6/2017,1274.25,1266.55,17.35
12/6/2017,1269.25,1266.4,17.13
13/06/2017,1261.3,1262,16.82
14/06/2017,1268.25,1275.5,16.96
15/06/2017,1260.25,1254.55,16.86
16/06/2017,1256.6,1255.4,16.76
19/06/2017,1251.1,1248.15,16.67
20/06/2017,1246.5,1242.2,16.59
21/06/2017,1247.05,1242.5,16.51
22/06/2017,1251.4,1250.8,16.58
23/06/2017,1256.3,1255.7,16.71
26/06/2017,1240.85,1245.25,16.53
27/06/2017,1250.4,1249.55,16.66
28/06/2017,1251.6,1248,16.78
29/06/2017,1246.6,1243.5,16.83
30/06/2017,1243.25,1242.25,16.47
3/7/2017,1235.2,1229.25,16.48
4/7/2017,1224.25,1223.75,16.15
5/7/2017,1221.9,1220.3,15.95
6/7/2017,1224.3,1224.9,16.01
7/7/2017,1220.4,1215.65,15.84
10/7/2017,1207.55,1211.9,15.22
11/7/2017,1211.9,1211.05,15.51
12/7/2017,1219.4,1218.8,15.83
13/07/2017,1221.4,1218.9,15.95
14/07/2017,1218.95,1230.3,15.71
17/07/2017,1229.85,1234.1,16.07
18/07/2017,1237.1,1240.75,16.17
19/07/2017,1239.85,1242.15,16.23
20/07/2017,1236.55,1238.7,16.18
21/07/2017,1247.25,1248.55,16.43
24/07/2017,1255.85,1255.55,16.5
25/07/2017,1252,1254.4,16.31
26/07/2017,1245.4,1248.1,16.37
27/07/2017,1262.05,1261.1,16.79
28/07/2017,1259.6,1264.9,16.56
31/07/2017,1266.35,1267.55,16.76
1/8/2017,1267.05,1270.95,16.74
2/8/2017,1266.65,1269.6,16.67
3/8/2017,1261.8,1268.1,16.47
4/8/2017,1269.3,1257.7,16.7
7/8/2017,1257.55,1258,16.13
8/8/2017,1261.45,1261.8,16.39
9/8/2017,1267.95,1271.05,16.59
10/8/2017,1278.9,1284.4,17.08
11/8/2017,1288.3,1286.1,17.09
14/08/2017,1281.1,1282.3,16.97
15/08/2017,1274.6,1270.3,16.89
16/08/2017,1270.15,1272.75,16.68
17/08/2017,1285.9,1285.15,17.02
18/08/2017,1295.25,1295.8,17.15
21/08/2017,1287.6,1292.9,17.02
22/08/2017,1285.1,1284.2,17.02
23/08/2017,1286.45,1286.65,17.06
24/08/2017,1285.9,1289,16.93
25/08/2017,1287.05,1285.3,17.02
29/08/2017,1323.4,1318.65,17.6
30/08/2017,1310.6,1308.5,17.44
31/08/2017,1305.8,1311.75,17.34
1/9/2017,1318.4,1320.4,17.5
4/9/2017,1334.6,1333.1,17.8
5/9/2017,1331.15,1335.55,17.88
6/9/2017,1340.15,1337.85,17.77
7/9/2017,1340.45,1343.5,17.79
8/9/2017,1350.9,1346.25,18.21
11/9/2017,1338.75,1334.2,17.85
12/9/2017,1326.25,1326.5,17.75
13/09/2017,1332.25,1327.55,17.91
14/09/2017,1323,1324.55,17.75
15/09/2017,1325,1322.85,17.7
18/09/2017,1314.4,1312.1,17.53
19/09/2017,1308.45,1309.6,17.15
20/09/2017,1314.9,1311.3,17.38
21/09/2017,1297.35,1292.1,16.95
22/09/2017,1297,1294.8,16.97
25/09/2017,1295.5,1293.3,16.95
26/09/2017,1306.9,1300.05,17.01
27/09/2017,1291.3,1282.55,16.89
28/09/2017,1284.3,1283.35,16.82
29/09/2017,1286.95,1283.1,16.86
2/10/2017,1273.1,1273.7,16.58
3/10/2017,1270.7,1271.25,16.61
4/10/2017,1275.55,1274.25,16.825
5/10/2017,1278.4,1274.5,16.66
6/10/2017,1268.2,1261.8,16.625
9/10/2017,1282.15,1278.75,16.92
10/10/2017,1289.6,1291.4,17.12
11/10/2017,1290.2,1289.25,17.15
12/10/2017,1294.45,1290.25,17.195
13/10/2017,1293.9,1299.6,17.2
16/10/2017,1305.15,1303.3,17.41
17/10/2017,1289.7,1284.75,17.11
18/10/2017,1280.65,1280.2,16.95
19/10/2017,1283.4,1286.4,17.025
20/10/2017,1280.25,1281.2,17.075
23/10/2017,1275.25,1274.9,16.995
24/10/2017,1278.3,1276.45,17.035
25/10/2017,1273,1275,16.89
26/10/2017,1278,1273.75,16.97
27/10/2017,1267.8,1266.45,16.72
30/10/2017,1272.75,1272,16.735
31/10/2017,1274.4,1270.15,16.82
1/11/2017,1279.25,1277.05,16.94
2/11/2017,1276.4,1279.2,17.08
3/11/2017,1275.3,1267.2,17.085
6/11/2017,1271.6,1270.9,16.915
7/11/2017,1276.35,1275.6,17.005
8/11/2017,1282.25,1284,16.995
9/11/2017,1284,1284.8,17.1
10/11/2017,1284.45,1284.3,17
13/11/2017,1278.4,1277.95,16.925
14/11/2017,1273.7,1274.6,16.935
15/11/2017,1285.7,1282.2,17.115
16/11/2017,1277.7,1280,17.04
17/11/2017,1283.85,1284.35,17.085
20/11/2017,1292.35,1286.2,17.145
21/11/2017,1280,1283.3,17
22/11/2017,1283.95,1286.95,16.965
23/11/2017,1290.15,1290.35,17.095
24/11/2017,1289.15,1290.5,17.05
27/11/2017,1294.7,1294.9,17.1
28/11/2017,1293.9,1291.85,17.07
29/11/2017,1294.85,1283.85,16.895
30/11/2017,1282.15,1280.2,16.57
1/12/2017,1277.25,1275.5,16.42
4/12/2017,1279.1,1273.45,16.33
5/12/2017,1275.9,1266.3,16.285
6/12/2017,1268.55,1263.7,16.115
7/12/2017,1256.8,1255,15.91
8/12/2017,1245.85,1250.65,15.825
11/12/2017,1251.4,1247.15,15.835
12/12/2017,1243.4,1240.9,15.78
13/12/2017,1241.6,1242.65,15.705
14/12/2017,1255.6,1251,16.01
15/12/2017,1257.25,1254.6,15.985
18/12/2017,1258.65,1260.6,16.09
19/12/2017,1263.1,1260.35,16.155
20/12/2017,1265.95,1264.55,16.185
21/12/2017,1265.85,1264.55,16.145
27/12/2017,1285.4,1279.4,16.5
28/12/2017,1291.6,1291,16.74
2/1/2018,1312.8,1312.05,17.06
3/1/2018,1314.6,1314.9,17.125
4/1/2018,1313.7,1314.5,17.13
5/1/2018,1317.9,1317.15,17.155
8/1/2018,1318.8,1319.95,17.17
9/1/2018,1314.95,1311,17.055
10/1/2018,1321.65,1319.75,17.135
11/1/2018,1319.85,1323.05,17.01
12/1/2018,1332.9,1326.8,17.12
15/01/2018,1343,1339.25,17.325
16/01/2018,1334.95,1333.85,17.095
17/01/2018,1337.35,1335.65,17.21
18/01/2018,1329.75,1332.2,17.09
19/01/2018,1335.8,1334.95,17.04
22/01/2018,1334.15,1332.6,17.035
23/01/2018,1337.1,1333.4,16.98
24/01/2018,1350.5,1353.7,17.19
25/01/2018,1360.25,1354.95,17.52
26/01/2018,1354.35,1353.15,17.4
29/01/2018,1348.4,1343.85,17.335
30/01/2018,1345.7,1344.9,17.295
31/01/2018,1343.35,1345.05,17.23
1/2/2018,1341.1,1341.35,17.19
2/2/2018,1345,1331.15,17.135
5/2/2018,1337.1,1333.6,16.875
6/2/2018,1344.65,1331.4,16.805
7/2/2018,1328.5,1324.65,16.69
8/2/2018,1311.05,1315.45,16.345
9/2/2018,1316.05,1314.1,16.355
12/2/2018,1321.7,1322.3,16.425
13/02/2018,1329.4,1325.35,16.605
14/02/2018,1330.75,1336.25,16.58
15/02/2018,1353.7,1352.45,16.825
16/02/2018,1358.6,1352.1,16.835
19/02/2018,1347.4,1346.6,16.72
20/02/2018,1337.4,1339.85,16.57
21/02/2018,1328.6,1330.5,16.435
22/02/2018,1323.5,1328.35,16.465
23/02/2018,1328.9,1327.95,16.61
26/02/2018,1339.05,1333.5,16.67
27/02/2018,1332.75,1325.75,16.61
28/02/2018,1320.3,1317.85,16.44
1/3/2018,1311.25,1307.75,16.315
2/3/2018,1316.75,1322.3,16.445
5/3/2018,1326.3,1320.4,16.51
6/3/2018,1324.95,1331.4,16.62
7/3/2018,1332.5,1329.4,16.645
8/3/2018,1325.4,1321,16.48
9/3/2018,1319.35,1320.6,16.485
12/3/2018,1317.25,1319.15,16.455
13/03/2018,1318.7,1322.75,16.51
14/03/2018,1324.95,1323.55,16.605
15/03/2018,1323.35,1318.75,16.52
16/03/2018,1320.05,1310.1,16.475
19/03/2018,1311.7,1312.4,16.285
20/03/2018,1312.75,1311,16.25
21/03/2018,1316.35,1321.35,16.245
22/03/2018,1328.85,1329.15,16.52
23/03/2018,1342.35,1346.6,16.53
26/03/2018,1348.4,1352.4,16.61
27/03/2018,1350.65,1341.45,16.64
28/03/2018,1341.05,1332.45,16.455
29/03/2018,1323.9,1323.85,16.28
3/4/2018,1336.6,1333.45,16.52
4/4/2018,1343.15,1337.3,16.46
5/4/2018,1327.05,1327.7,16.305
6/4/2018,1325.6,1331.2,16.275
9/4/2018,1328.5,1331.95,16.34
10/4/2018,1335.95,1338.95,16.49
11/4/2018,1345.2,1350.75,16.565
12/4/2018,1345.9,1341.35,16.655
13/04/2018,1340.75,1343.75,16.505
16/04/2018,1344.4,1349.35,16.6
17/04/2018,1342.95,1342.1,16.625
18/04/2018,1346.55,1351.45,16.945
19/04/2018,1347.9,1348.6,17.195
20/04/2018,1340.15,1336.75,17.11
23/04/2018,1328,1324.3,16.935
24/04/2018,1327.35,1328.85,16.595
25/04/2018,1325.7,1321.65,16.565
26/04/2018,1321.9,1320.7,16.575
27/04/2018,1317.7,1321.5,16.53
30/04/2018,1316.25,1313.2,16.38
1/5/2018,1309.2,1307.1,16.25
2/5/2018,1304.2,1304.25,16.35
3/5/2018,1313.3,1315.05,16.465
4/5/2018,1309.35,1309.4,16.415
8/5/2018,1310.05,1306.6,16.445
9/5/2018,1306.85,1313.85,16.44
10/5/2018,1314.8,1318.8,16.6
11/5/2018,1324.8,1324.35,16.76
14/05/2018,1320.7,1319.85,16.645
15/05/2018,1310.05,1295,16.41
16/05/2018,1291.75,1291.25,16.255
17/05/2018,1288.85,1289.5,16.385
18/05/2018,1287.2,1288.3,16.39
21/05/2018,1285.85,1288.35,16.34
22/05/2018,1293.9,1293.05,16.58
23/05/2018,1294,1289,16.53
24/05/2018,1296.35,1304.85,16.51
25/05/2018,1303.95,1303.5,16.67
29/05/2018,1302.05,1295.5,16.475
30/05/2018,1298.6,1300.7,16.37
31/05/2018,1303.5,1305.35,16.55
1/6/2018,1299.15,1294.6,16.42
4/6/2018,1294.65,1295.45,16.44
5/6/2018,1292.25,1292.05,16.385
6/6/2018,1295.25,1300.1,16.545
7/6/2018,1298.3,1297.25,16.745
8/6/2018,1299.2,1298.25,16.72
11/6/2018,1296.05,1299.6,16.76
12/6/2018,1298.3,1298.65,16.855
13/06/2018,1294.4,1296.15,16.905
14/06/2018,1305.3,1302.75,17.125
15/06/2018,1300.1,1285.25,17.225
18/06/2018,1281.25,1281.55,16.605
19/06/2018,1279,1276.15,16.355
20/06/2018,1273.25,1274.2,16.285
21/06/2018,1263.7,1266.15,16.245
22/06/2018,1269.7,1269.15,16.425
25/06/2018,1269.8,1268.7,16.375
26/06/2018,1257.15,1260.3,16.225
27/06/2018,1256.8,1254.6,16.21
28/06/2018,1250.5,1251.55,16.11
29/06/2018,1250.55,1250.45,16.03
2/7/2018,1249,1247.8,15.98
3/7/2018,1245.85,1251.75,15.93
4/7/2018,1256.9,1255.65,16.045
5/7/2018,1252.5,1255.5,15.95
6/7/2018,1254.2,1255.35,15.995
9/7/2018,1262.6,1262.05,16.205
10/7/2018,1253.7,1254,15.93
11/7/2018,1250,1251.4,15.915
12/7/2018,1244.85,1245.9,15.84
13/07/2018,1240.5,1241.7,15.81
16/07/2018,1244.9,1241.1,15.81
17/07/2018,1243.65,1232.8,15.77
18/07/2018,1223.45,1224.5,15.44
19/07/2018,1217.4,1217.55,15.26
20/07/2018,1224.85,1228.75,15.37
23/07/2018,1229.45,1224.95,15.485
24/07/2018,1224.3,1228.35,15.51
25/07/2018,1230.55,1231.5,15.565
26/07/2018,1228.35,1228.25,15.535
27/07/2018,1219.15,1223.95,15.355
30/07/2018,1222.05,1223.8,15.49
31/07/2018,1219.2,1220.95,15.43
1/8/2018,1222.75,1219,15.475
2/8/2018,1217.6,1215.45,15.45
3/8/2018,1207.7,1216.3,15.36
6/8/2018,1212,1209.65,15.345
7/8/2018,1215.4,1212.35,15.465
8/8/2018,1212.35,1209.55,15.345
9/8/2018,1215.5,1214.35,15.48
10/8/2018,1211.65,1214.4,15.375
13/08/2018,1204.4,1200.35,15.185
14/08/2018,1195.3,1197,15.035
15/08/2018,1186.7,1182,14.825
16/08/2018,1179.65,1180.4,14.605
17/08/2018,1176.7,1178.4,14.66
20/08/2018,1188.75,1184.35,14.755
21/08/2018,1194.1,1190.95,14.785
22/08/2018,1196.85,1196.65,14.81
23/08/2018,1187.3,1192.35,14.625
24/08/2018,1189.95,1197.7,14.62
28/08/2018,1212.75,1212.25,14.9
29/08/2018,1204.3,1204.2,14.69
30/08/2018,1202.35,1197.3,14.665
31/08/2018,1206.85,1202.45,14.655
3/9/2018,1201.7,1200.05,14.525
4/9/2018,1195.75,1190.85,14.25
5/9/2018,1194.7,1196.7,14.17
6/9/2018,1204.3,1205.15,14.265
7/9/2018,1200.75,1198.9,14.185
10/9/2018,1195.8,1196.6,14.215
11/9/2018,1194,1189.85,14.125
12/9/2018,1197.8,1195.6,14.155
13/09/2018,1206.65,1209.8,14.225
14/09/2018,1206.2,1201.95,14.215
17/09/2018,1196.8,1201.9,14.17
18/09/2018,1199.4,1200.2,14.21
19/09/2018,1203,1203.3,14.185
20/09/2018,1203,1208.35,14.23
21/09/2018,1207.6,1198.7,14.33
24/09/2018,1198.75,1202.75,14.315
25/09/2018,1199.45,1201.9,14.29
26/09/2018,1198.8,1194.25,14.475
27/09/2018,1196,1185.4,14.42
28/09/2018,1183.5,1187.25,14.305
1/10/2018,1185.3,1189.35,14.55
2/10/2018,1192.65,1204.7,14.505
3/10/2018,1203.5,1201.2,14.735
4/10/2018,1199.45,1203.45,14.63
5/10/2018,1201.1,1203.8,14.635
8/10/2018,1194.8,1186.95,14.465
9/10/2018,1187.4,1185.55,14.325
10/10/2018,1186.4,1188.6,14.375
11/10/2018,1201.1,1205.55,14.4
12/10/2018,1218.75,1219.75,14.6
15/10/2018,1233,1229.95,14.74
16/10/2018,1228.85,1230.7,14.755
17/10/2018,1226.75,1229.05,14.65
18/10/2018,1224.6,1223,14.515
19/10/2018,1228.25,1227.85,14.61
22/10/2018,1222.9,1222.3,14.63
23/10/2018,1235.6,1235.95,14.715
24/10/2018,1231.65,1230.55,14.745
25/10/2018,1232.15,1230.8,14.74
26/10/2018,1236.05,1233.85,14.69
29/10/2018,1230.75,1230.8,14.65
30/10/2018,1220,1225.4,14.425
31/10/2018,1217.7,1214.95,14.34
1/11/2018,1223.25,1231.15,14.45
2/11/2018,1235.5,1232.1,14.82
5/11/2018,1231.6,1232.25,14.735
6/11/2018,1234.85,1231.6,14.7
7/11/2018,1235.05,1229.95,14.67
8/11/2018,1223.45,1224.15,14.49
9/11/2018,1219.05,1211.4,14.34
12/11/2018,1207.05,1205.55,14.16
13/11/2018,1197.55,1202.1,14.02
14/11/2018,1201.45,1203.25,13.97
15/11/2018,1210.6,1211.85,14.13
16/11/2018,1215.8,1222.4,14.285
19/11/2018,1223.55,1221.6,14.36
20/11/2018,1223.1,1223,14.44
21/11/2018,1224,1226.1,14.42
22/11/2018,1228.25,1227.05,14.52
23/11/2018,1222.15,1223.65,14.255
26/11/2018,1226.65,1223.4,14.38
27/11/2018,1225.05,1221.2,14.275
28/11/2018,1213.2,1213.25,14.15
29/11/2018,1226.45,1226.25,14.265
30/11/2018,1220.45,1217.55,14.235
3/12/2018,1231.05,1230.3,14.385
4/12/2018,1239.25,1240.3,14.545
5/12/2018,1236.15,1235.9,14.48
6/12/2018,1236.45,1242.55,14.38
7/12/2018,1241.2,1243.3,14.485
10/12/2018,1246.8,1245.35,14.53
11/12/2018,1248.25,1245.3,14.64
12/12/2018,1244.75,1245.75,14.655
13/12/2018,1244.45,1242.75,14.68
14/12/2018,1239.15,1235.35,14.58
17/12/2018,1239.1,1241.65,14.6
18/12/2018,1248.8,1246.3,14.655
19/12/2018,1248.6,1255,14.645
20/12/2018,1255,1259.75,14.77
21/12/2018,1257.6,1258.15,14.69
27/12/2018,1271.1,1268,15.055
28/12/2018,1277.25,1279,15.295
31/12/2018,1281.65,1279,15.465
2/1/2019,1287.2,1282.9,15.44
3/1/2019,1287.95,1290.45,15.535
4/1/2019,1290.35,1279.9,15.705
7/1/2019,1291.5,1292.2,15.75
8/1/2019,1283.9,1286.45,15.64
9/1/2019,1281.3,1288.6,15.62
10/1/2019,1292.4,1291.9,15.705
11/1/2019,1292.8,1288.95,15.68
14/01/2019,1293.7,1292.75,15.615
15/01/2019,1289.35,1294.4,15.6
16/01/2019,1290.5,1292.3,15.54
17/01/2019,1294,1290.7,15.575
18/01/2019,1285.05,1284.2,15.47
21/01/2019,1278.7,1279.55,15.26
22/01/2019,1284.75,1282.1,15.26
23/01/2019,1284.9,1279.8,15.385
24/01/2019,1279.75,1283.7,15.3
25/01/2019,1282.95,1293.9,15.375
28/01/2019,1301,1302.15,15.685
29/01/2019,1308.35,1307.55,15.855
30/01/2019,1312.95,1310.7,15.915
31/01/2019,1322.5,1323.25,16.075
1/2/2019,1320.75,1318.7,16.01
4/2/2019,1311,1312.15,15.745
5/2/2019,1314,1314.2,15.865
6/2/2019,1313.35,1312.4,15.73
7/2/2019,1306.6,1310,15.71
8/2/2019,1311.1,1314.85,15.78
11/2/2019,1306.75,1306.4,15.705
12/2/2019,1311.6,1310,15.81
13/02/2019,1311.15,1312.8,15.695
14/02/2019,1305.65,1311.45,15.58
15/02/2019,1318,1316.55,15.675
18/02/2019,1323.95,1325.5,15.765
19/02/2019,1329.55,1334.15,15.78
20/02/2019,1345.75,1343.75,16.035
21/02/2019,1335.05,1331.25,15.91
22/02/2019,1322.25,1329.05,15.87
25/02/2019,1329.15,1331.05,15.955
26/02/2019,1327.55,1325.05,15.83
27/02/2019,1326.45,1322.85,15.86
28/02/2019,1325.45,1319.15,15.815
1/3/2019,1309.95,1311.95,15.56
4/3/2019,1287.45,1285.4,15.16
5/3/2019,1285,1283.8,15.11
6/3/2019,1285.55,1285.85,15.095
7/3/2019,1286.4,1285.3,15.075
8/3/2019,1294.1,1296.75,15.115
11/3/2019,1296.35,1292.75,15.295
12/3/2019,1296.95,1297.05,15.445
13/03/2019,1308.4,1306.95,15.52
14/03/2019,1299.2,1295.55,15.235
15/03/2019,1302.65,1303.5,15.355
18/03/2019,1305.35,1305.6,15.38
19/03/2019,1308.35,1307.7,15.41
20/03/2019,1303,1303.7,15.32
21/03/2019,1317.3,1309.6,15.54
22/03/2019,1311.1,1311.3,15.46
25/03/2019,1319.35,1319.55,15.525
26/03/2019,1315.25,1316.3,15.44
27/03/2019,1318.25,1309.7,15.4
28/03/2019,1306.9,1295.15,15.195
29/03/2019,1291.15,1295.4,15.1
1/4/2019,1291.9,1293.5,15.07
2/4/2019,1287.2,1290.3,15.025
3/4/2019,1291.85,1290.45,15.165
4/4/2019,1291.6,1283.15,15.085
5/4/2019,1288.9,1288.45,15.195
8/4/2019,1297.1,1300,15.14
9/4/2019,1301.85,1303,15.255
10/4/2019,1304.8,1305.45,15.245
11/4/2019,1304.65,1298.8,15.16
12/4/2019,1296.15,1294.3,15.065
15/04/2019,1286.75,1285.65,14.935
16/04/2019,1283.75,1276.35,14.945
17/04/2019,1276.1,1275.85,15
18/04/2019,1276.5,1275.7,14.955
23/04/2019,1273.45,1269.5,14.975
24/04/2019,1273.8,1271.65,14.805
25/04/2019,1277.85,1280.8,14.865
26/04/2019,1281.5,1284.2,15
29/04/2019,1282.15,1279.5,14.97
30/04/2019,1285.15,1282.3,14.985
1/5/2019,1281.8,1283.8,14.88
2/5/2019,1271.45,1270.95,14.675
3/5/2019,1270.05,1278.55,14.655
7/5/2019,1281.3,1281.2,14.83
8/5/2019,1287.75,1285.2,14.93
9/5/2019,1284.1,1286.1,14.82
10/5/2019,1285.4,1287.1,14.795
13/05/2019,1282.95,1295.6,14.66
14/05/2019,1297.6,1298.4,14.755
15/05/2019,1298.9,1299.1,14.815
16/05/2019,1295.55,1291.7,14.795
17/05/2019,1285.8,1280.8,14.48
20/05/2019,1275.25,1276.85,14.415
21/05/2019,1276,1271.15,14.43
22/05/2019,1274,1273.8,14.435
23/05/2019,1275.95,1283.65,14.48
24/05/2019,1281.5,1282.5,14.55
28/05/2019,1283.9,1278.3,14.48
29/05/2019,1283.5,1281.65,14.375
30/05/2019,1276.45,1280.95,14.4
31/05/2019,1296,1295.55,14.48
3/6/2019,1313.95,1317.1,14.705
4/6/2019,1323.6,1324.25,14.72
5/6/2019,1337.75,1335.05,14.84
6/6/2019,1336.65,1335.5,14.955
7/6/2019,1334.3,1340.65,14.91
10/6/2019,1328.6,1328.6,14.745
11/6/2019,1322.65,1324.3,14.695
12/6/2019,1336.65,1332.35,14.79
13/06/2019,1335.8,1335.9,14.795
14/06/2019,1352.45,1351.25,15.025
17/06/2019,1333.2,1341.3,14.78
18/06/2019,1344.55,1341.35,14.895
19/06/2019,1342.4,1344.05,14.945
20/06/2019,1381.65,1379.5,15.33
21/06/2019,1388.35,1397.15,15.29
24/06/2019,1405.45,1405.7,15.37
25/06/2019,1429.55,1431.4,15.4
26/06/2019,1406.75,1403.95,15.255
27/06/2019,1402.25,1402.5,15.25
28/06/2019,1413.2,1409,15.22
1/7/2019,1390.05,1390.1,15.26
2/7/2019,1393.1,1391.05,15.17
3/7/2019,1425.1,1413.5,15.31
4/7/2019,1415.25,1414.9,15.28
5/7/2019,1414.4,1388.65,15.21
8/7/2019,1404.9,1400.1,15.07
9/7/2019,1387.9,1391.55,15.025
10/7/2019,1395.45,1408.3,15.095
11/7/2019,1423.1,1413.75,15.265
12/7/2019,1405.6,1407.6,15.14
15/07/2019,1416.25,1412.4,15.32
16/07/2019,1416.1,1409.85,15.395
17/07/2019,1400.8,1410.35,15.61
18/07/2019,1420.9,1417.45,16.03
19/07/2019,1437.05,1439.7,16.315
22/07/2019,1424.45,1427.75,16.385
23/07/2019,1417.55,1425.55,16.43
24/07/2019,1425.55,1426.95,16.535
25/07/2019,1426.35,1416.1,16.535
26/07/2019,1418.25,1420.4,16.44
29/07/2019,1418.95,1419.05,16.39
30/07/2019,1428.45,1425.9,16.455
31/07/2019,1430.55,1427.55,16.475
1/8/2019,1406.4,1406.8,16.005
2/8/2019,1436.05,1441.75,16.195
5/8/2019,1457.45,1465.25,16.485
6/8/2019,1461.85,1465.25,16.385
7/8/2019,1487.65,1506.05,16.82
8/8/2019,1497.4,1495.75,17.02
9/8/2019,1503.5,1497.7,17
12/8/2019,1501.95,1504.7,16.955
13/08/2019,1527.2,1498.4,17.445
14/08/2019,1500.35,1513.25,17.115
15/08/2019,1517.65,1515.65,17.29
16/08/2019,1509.05,1515.25,17.16
19/08/2019,1499.35,1496.6,16.925
20/08/2019,1502.65,1504.55,17.02
21/08/2019,1499.65,1503.25,17.11
22/08/2019,1498.7,1502.05,16.96
23/08/2019,1495.5,1503.8,17.05
27/08/2019,1531.85,1532.95,17.725
28/08/2019,1541.75,1537.15,18.365
29/08/2019,1536.65,1540.2,18.48
2/9/2019,1523.35,1525.95,18.35
3/9/2019,1532.45,1537.85,18.475
4/9/2019,1538.8,1546.1,19.305
5/9/2019,1542.6,1529.1,19.22
6/9/2019,1504.95,1523.7,18.145
9/9/2019,1509.95,1509.2,18.17
10/9/2019,1494.6,1498.25,17.99
11/9/2019,1493.65,1490.65,18.165
12/9/2019,1502.95,1515.2,18.19
13/09/2019,1506.3,1503.1,18.145
16/09/2019,1502.05,1497.2,17.835
17/09/2019,1499.3,1502.1,17.84
18/09/2019,1502.2,1503.5,17.85
19/09/2019,1498.4,1500.7,17.755
20/09/2019,1504.1,1501.9,17.88
23/09/2019,1519.5,1522.1,18.38
24/09/2019,1520.25,1520.65,18.56
25/09/2019,1530.85,1528.75,18.57
26/09/2019,1507.05,1506.4,17.97
27/09/2019,1496.15,1489.9,17.52
30/09/2019,1487.6,1485.3,17.255
1/10/2019,1466.1,1473.45,17.11
2/10/2019,1484.05,1492.6,17.26
3/10/2019,1504,1517,17.6
4/10/2019,1509.5,1499.15,17.605
7/10/2019,1502.15,1501.25,17.425
8/10/2019,1500,1505.85,17.555
9/10/2019,1503.4,1507.25,17.78
10/10/2019,1508.2,1494.8,17.75
11/10/2019,1498.35,1479.15,17.6
14/10/2019,1494.2,1490.6,17.605
15/10/2019,1494.75,1487.8,17.67
16/10/2019,1482.55,1485.1,17.255
17/10/2019,1484.45,1492.65,17.45
18/10/2019,1487.5,1490,17.435
21/10/2019,1490.85,1491.65,17.725
22/10/2019,1487.45,1485.35,17.625
23/10/2019,1494.25,1494.45,17.535
24/10/2019,1488.85,1496.55,17.53
25/10/2019,1504.65,1513.45,18.125
28/10/2019,1505.05,1492.4,18.055
29/10/2019,1492.75,1486.75,17.66
30/10/2019,1490.15,1492.1,17.955
31/10/2019,1506.4,1510.95,18.055
1/11/2019,1509.85,1508.8,18.12
4/11/2019,1509.2,1509.45,18.185
5/11/2019,1504.6,1488.95,18.045
6/11/2019,1488.55,1486.05,17.54
7/11/2019,1484.1,1484.25,17.53
8/11/2019,1466.85,1464.15,16.81
11/11/2019,1465.5,1458.7,16.88
12/11/2019,1455,1452.05,16.735
13/11/2019,1463.45,1462.9,16.95
14/11/2019,1467.65,1466.65,17.035
15/11/2019,1465.6,1466.9,16.87
18/11/2019,1458.4,1467.65,16.795
19/11/2019,1464.9,1468.45,17.125
20/11/2019,1475.7,1471.7,17.115
21/11/2019,1468.9,1467.05,17.09
22/11/2019,1471.3,1464.45,17.175
25/11/2019,1459.45,1458.4,16.87
26/11/2019,1457.65,1454.65,16.935
27/11/2019,1459.8,1454.35,17.055
28/11/2019,1457.55,1454.65,16.945
29/11/2019,1456.35,1460.15,16.965
2/12/2019,1457.5,1461.15,16.875
3/12/2019,1470.4,1477.3,17.01
4/12/2019,1475.85,1475.1,17.13
5/12/2019,1474.6,1475.95,16.87
6/12/2019,1474.85,1459.65,16.94
9/12/2019,1463.6,1461.7,16.62
10/12/2019,1464.45,1464.95,16.675
11/12/2019,1468.05,1466.8,16.66
12/12/2019,1474.7,1467.8,16.865
13/12/2019,1470.6,1466.6,16.935
16/12/2019,1477.4,1477.9,17.02
17/12/2019,1478.4,1475.8,17.06
18/12/2019,1478.9,1474.05,16.995
19/12/2019,1474.4,1476.7,16.94
20/12/2019,1476.9,1479,17.035
23/12/2019,1483.95,1482.1,17.375
27/12/2019,1510.6,1511.5,17.825
30/12/2019,1511.5,1514.75,17.825
31/12/2019,1523,1514.75,18.045
